SampleDate,Nitrogen,Phosphorus
1959-06-01,1302.5,
1959-06-08,,
1959-06-15,,
1959-06-22,,
1959-06-29,,
1959-07-06,,
1959-07-13,,
1959-07-20,,
1959-07-27,,
1959-08-03,,
1959-08-10,,
1959-08-17,,
1959-08-24,,
1959-08-31,,
1959-09-07,,
1959-09-14,,
1959-09-21,,
1959-09-28,,
1959-10-05,,
1959-10-12,,
1959-10-19,,
1959-10-26,624.0,
1959-11-02,,
1959-11-09,,
1959-11-16,,
1959-11-23,,
1959-11-30,,
1959-12-07,,
1959-12-14,,
1959-12-21,,
1959-12-28,,
1960-01-04,,
1960-01-11,,
1960-01-18,,
1960-01-25,,
1960-02-01,,
1960-02-08,,
1960-02-15,,
1960-02-22,,
1960-02-29,730.0,
1960-03-07,,
1960-03-14,,
1960-03-21,,
1960-03-28,,
1960-04-04,,
1960-04-11,,
1960-04-18,,
1960-04-25,,
1960-05-02,,
1960-05-09,,
1960-05-16,,
1960-05-23,,
1960-05-30,,
1960-06-06,,
1960-06-13,,
1960-06-20,672.0,
1960-06-27,,
1960-07-04,,
1960-07-11,,
1960-07-18,,
1960-07-25,,
1960-08-01,,
1960-08-08,,
1960-08-15,,
1960-08-22,,
1960-08-29,,
1960-09-05,,
1960-09-12,,
1960-09-19,,
1960-09-26,,
1960-10-03,,
1960-10-10,,
1960-10-17,,
1960-10-24,,
1960-10-31,,
1960-11-07,,
1960-11-14,,
1960-11-21,,
1960-11-28,,
1960-12-05,,
1960-12-12,,
1960-12-19,,
1960-12-26,,
1961-01-02,,
1961-01-09,,
1961-01-16,,
1961-01-23,,
1961-01-30,,
1961-02-06,,
1961-02-13,,
1961-02-20,,
1961-02-27,,
1961-03-06,,
1961-03-13,,
1961-03-20,,
1961-03-27,,
1961-04-03,,
1961-04-10,,
1961-04-17,,
1961-04-24,,
1961-05-01,,
1961-05-08,,
1961-05-15,,
1961-05-22,,
1961-05-29,,
1961-06-05,,
1961-06-12,,
1961-06-19,,
1961-06-26,,
1961-07-03,,
1961-07-10,,
1961-07-17,,
1961-07-24,,
1961-07-31,,
1961-08-07,,
1961-08-14,2090.0,
1961-08-21,,
1961-08-28,,
1961-09-04,,
1961-09-11,,
1961-09-18,,
1961-09-25,,
1961-10-02,,
1961-10-09,,
1961-10-16,,
1961-10-23,,
1961-10-30,,
1961-11-06,,
1961-11-13,,
1961-11-20,,
1961-11-27,,
1961-12-04,,
1961-12-11,,
1961-12-18,,
1961-12-25,,
1962-01-01,,
1962-01-08,,
1962-01-15,,
1962-01-22,,
1962-01-29,,
1962-02-05,,
1962-02-12,,
1962-02-19,,
1962-02-26,,
1962-03-05,,
1962-03-12,,
1962-03-19,,
1962-03-26,,
1962-04-02,,
1962-04-09,,
1962-04-16,,
1962-04-23,,
1962-04-30,,
1962-05-07,,
1962-05-14,,
1962-05-21,,
1962-05-28,,
1962-06-04,,
1962-06-11,,
1962-06-18,,
1962-06-25,,
1962-07-02,,
1962-07-09,,
1962-07-16,,
1962-07-23,,
1962-07-30,,
1962-08-06,,
1962-08-13,,
1962-08-20,,
1962-08-27,,
1962-09-03,,
1962-09-10,,
1962-09-17,,
1962-09-24,,
1962-10-01,,
1962-10-08,,
1962-10-15,,
1962-10-22,,
1962-10-29,,
1962-11-05,,
1962-11-12,,
1962-11-19,,
1962-11-26,,
1962-12-03,,
1962-12-10,,
1962-12-17,,
1962-12-24,,
1962-12-31,,
1963-01-07,,
1963-01-14,,
1963-01-21,,
1963-01-28,,
1963-02-04,,
1963-02-11,,
1963-02-18,,
1963-02-25,,
1963-03-04,,
1963-03-11,,
1963-03-18,,
1963-03-25,,
1963-04-01,,
1963-04-08,,
1963-04-15,,
1963-04-22,,
1963-04-29,,
1963-05-06,,
1963-05-13,,
1963-05-20,,
1963-05-27,,
1963-06-03,,
1963-06-10,,
1963-06-17,,
1963-06-24,,
1963-07-01,,
1963-07-08,,
1963-07-15,,
1963-07-22,,
1963-07-29,,
1963-08-05,,
1963-08-12,,
1963-08-19,,
1963-08-26,,
1963-09-02,,
1963-09-09,,
1963-09-16,,
1963-09-23,,
1963-09-30,,
1963-10-07,,
1963-10-14,,
1963-10-21,,
1963-10-28,,
1963-11-04,,
1963-11-11,,
1963-11-18,,
1963-11-25,,
1963-12-02,,
1963-12-09,,
1963-12-16,,
1963-12-23,,
1963-12-30,,
1964-01-06,,
1964-01-13,,
1964-01-20,,
1964-01-27,,
1964-02-03,,
1964-02-10,,
1964-02-17,,
1964-02-24,,
1964-03-02,,
1964-03-09,,
1964-03-16,,
1964-03-23,,
1964-03-30,,
1964-04-06,,
1964-04-13,,
1964-04-20,41876.0,
1964-04-27,,
1964-05-04,1810.0,
1964-05-11,,
1964-05-18,,
1964-05-25,,
1964-06-01,,
1964-06-08,5150.0,
1964-06-15,,
1964-06-22,,
1964-06-29,,
1964-07-06,,
1964-07-13,,
1964-07-20,2990.0,
1964-07-27,,
1964-08-03,,
1964-08-10,2150.0,
1964-08-17,2040.0,
1964-08-24,,
1964-08-31,,
1964-09-07,2680.0,
1964-09-14,,
1964-09-21,,
1964-09-28,,
1964-10-05,,
1964-10-12,,
1964-10-19,,
1964-10-26,,
1964-11-02,,
1964-11-09,,
1964-11-16,,
1964-11-23,,
1964-11-30,,
1964-12-07,,
1964-12-14,,
1964-12-21,,
1964-12-28,,
1965-01-04,,
1965-01-11,,
1965-01-18,,
1965-01-25,,
1965-02-01,34352.0,
1965-02-08,,
1965-02-15,,
1965-02-22,,
1965-03-01,,
1965-03-08,3266.6666666666665,
1965-03-15,,
1965-03-22,,
1965-03-29,,
1965-04-05,2516.0,
1965-04-12,,
1965-04-19,,
1965-04-26,,
1965-05-03,,
1965-05-10,,
1965-05-17,,
1965-05-24,,
1965-05-31,,
1965-06-07,,
1965-06-14,,
1965-06-21,,
1965-06-28,,
1965-07-05,,
1965-07-12,,
1965-07-19,,
1965-07-26,,
1965-08-02,1175.0,
1965-08-09,,
1965-08-16,,
1965-08-23,1110.0,
1965-08-30,,
1965-09-06,,
1965-09-13,,
1965-09-20,,
1965-09-27,,
1965-10-04,,
1965-10-11,,
1965-10-18,,
1965-10-25,2083.3333333333335,
1965-11-01,1031.0,
1965-11-08,,
1965-11-15,,
1965-11-22,2105.0,
1965-11-29,,
1965-12-06,,
1965-12-13,,
1965-12-20,9770.0,
1965-12-27,,
1966-01-03,,
1966-01-10,,
1966-01-17,,
1966-01-24,,
1966-01-31,1043.3333333333333,
1966-02-07,,
1966-02-14,,
1966-02-21,,
1966-02-28,,
1966-03-07,,
1966-03-14,,
1966-03-21,,
1966-03-28,,
1966-04-04,,
1966-04-11,,
1966-04-18,,
1966-04-25,,
1966-05-02,,
1966-05-09,,
1966-05-16,,
1966-05-23,,
1966-05-30,844.0,
1966-06-06,,
1966-06-13,,
1966-06-20,,
1966-06-27,,
1966-07-04,,
1966-07-11,,
1966-07-18,,
1966-07-25,,
1966-08-01,,
1966-08-08,,
1966-08-15,,
1966-08-22,,
1966-08-29,,
1966-09-05,,
1966-09-12,,
1966-09-19,,
1966-09-26,,
1966-10-03,,
1966-10-10,,
1966-10-17,,
1966-10-24,,
1966-10-31,,
1966-11-07,1026.0,
1966-11-14,,
1966-11-21,,
1966-11-28,,
1966-12-05,,
1966-12-12,,
1966-12-19,,
1966-12-26,,
1967-01-02,,
1967-01-09,,
1967-01-16,4983.0,
1967-01-23,,
1967-01-30,,
1967-02-06,,
1967-02-13,,
1967-02-20,,
1967-02-27,,
1967-03-06,,
1967-03-13,,
1967-03-20,,
1967-03-27,1140.0,13000.0
1967-04-03,716.3333333333334,
1967-04-10,,
1967-04-17,,
1967-04-24,,
1967-05-01,,
1967-05-08,,
1967-05-15,,
1967-05-22,711.6666666666666,
1967-05-29,,
1967-06-05,,
1967-06-12,,
1967-06-19,1090.0,
1967-06-26,,
1967-07-03,,
1967-07-10,,
1967-07-17,,
1967-07-24,,
1967-07-31,1180.0,
1967-08-07,,
1967-08-14,,
1967-08-21,1069.0,
1967-08-28,,
1967-09-04,,
1967-09-11,,
1967-09-18,1100.0,5000.0
1967-09-25,,
1967-10-02,,
1967-10-09,,
1967-10-16,,
1967-10-23,,
1967-10-30,,
1967-11-06,,
1967-11-13,2029.0,
1967-11-20,,
1967-11-27,,
1967-12-04,,
1967-12-11,,
1967-12-18,,
1967-12-25,,
1968-01-01,,
1968-01-08,,
1968-01-15,,
1968-01-22,,
1968-01-29,,
1968-02-05,,
1968-02-12,1692.1666666666667,
1968-02-19,,
1968-02-26,,
1968-03-04,,
1968-03-11,1460.0,
1968-03-18,,
1968-03-25,,
1968-04-01,,
1968-04-08,,
1968-04-15,,
1968-04-22,,
1968-04-29,,
1968-05-06,,
1968-05-13,,
1968-05-20,,
1968-05-27,,
1968-06-03,,
1968-06-10,,
1968-06-17,,
1968-06-24,,
1968-07-01,,
1968-07-08,,
1968-07-15,,
1968-07-22,,
1968-07-29,,
1968-08-05,,
1968-08-12,,
1968-08-19,,
1968-08-26,,
1968-09-02,,
1968-09-09,,
1968-09-16,,
1968-09-23,,
1968-09-30,,
1968-10-07,,
1968-10-14,,
1968-10-21,,
1968-10-28,885.3333333333334,
1968-11-04,,
1968-11-11,,
1968-11-18,,
1968-11-25,,
1968-12-02,,
1968-12-09,,
1968-12-16,,
1968-12-23,,
1968-12-30,,
1969-01-06,,
1969-01-13,1075.8333333333333,
1969-01-20,,
1969-01-27,,
1969-02-03,,
1969-02-10,,
1969-02-17,,
1969-02-24,,
1969-03-03,,
1969-03-10,,
1969-03-17,,
1969-03-24,,
1969-03-31,,
1969-04-07,,
1969-04-14,,
1969-04-21,,
1969-04-28,,
1969-05-05,,
1969-05-12,,
1969-05-19,,
1969-05-26,,
1969-06-02,,
1969-06-09,,
1969-06-16,,
1969-06-23,,
1969-06-30,,
1969-07-07,,
1969-07-14,,
1969-07-21,,
1969-07-28,,
1969-08-04,,
1969-08-11,,
1969-08-18,,
1969-08-25,,
1969-09-01,,
1969-09-08,,
1969-09-15,,
1969-09-22,,
1969-09-29,,
1969-10-06,,
1969-10-13,,
1969-10-20,,
1969-10-27,,
1969-11-03,,
1969-11-10,,
1969-11-17,,
1969-11-24,915.0,
1969-12-01,,
1969-12-08,,
1969-12-15,,
1969-12-22,,
1969-12-29,,
1970-01-05,,
1970-01-12,,
1970-01-19,995.0,
1970-01-26,,
1970-02-02,,
1970-02-09,,
1970-02-16,,
1970-02-23,,
1970-03-02,,
1970-03-09,,
1970-03-16,,
1970-03-23,,
1970-03-30,,
1970-04-06,,
1970-04-13,,
1970-04-20,,
1970-04-27,,
1970-05-04,,
1970-05-11,,
1970-05-18,2106.6666666666665,16333.333333333334
1970-05-25,,
1970-06-01,,
1970-06-08,,
1970-06-15,2350.0,6200.0
1970-06-22,,
1970-06-29,,
1970-07-06,,
1970-07-13,,
1970-07-20,,
1970-07-27,,
1970-08-03,,
1970-08-10,,
1970-08-17,,
1970-08-24,,
1970-08-31,,
1970-09-07,,
1970-09-14,,
1970-09-21,,
1970-09-28,,
1970-10-05,,
1970-10-12,,
1970-10-19,,
1970-10-26,,
1970-11-02,,
1970-11-09,,
1970-11-16,1770.0,7500.0
1970-11-23,,
1970-11-30,,
1970-12-07,,
1970-12-14,,
1970-12-21,,
1970-12-28,,
1971-01-04,,
1971-01-11,,
1971-01-18,340.0,9500.0
1971-01-25,,
1971-02-01,,
1971-02-08,,
1971-02-15,,
1971-02-22,,
1971-03-01,,
1971-03-08,,
1971-03-15,,
1971-03-22,,
1971-03-29,,
1971-04-05,,
1971-04-12,,
1971-04-19,10310.0,7400.0
1971-04-26,5826.666666666667,8066.666666666667
1971-05-03,,
1971-05-10,,
1971-05-17,480.0,
1971-05-24,,
1971-05-31,,
1971-06-07,,
1971-06-14,,
1971-06-21,290.0,
1971-06-28,,
1971-07-05,,
1971-07-12,,
1971-07-19,,
1971-07-26,,
1971-08-02,,
1971-08-09,,
1971-08-16,,
1971-08-23,,
1971-08-30,,
1971-09-06,3770.0,6000.0
1971-09-13,,
1971-09-20,,
1971-09-27,,
1971-10-04,,
1971-10-11,,
1971-10-18,4545.0,8498.333333333334
1971-10-25,,
1971-11-01,,
1971-11-08,,
1971-11-15,,
1971-11-22,518.75,
1971-11-29,,
1971-12-06,620.0,2616.6666666666665
1971-12-13,,
1971-12-20,,
1971-12-27,,
1972-01-03,,
1972-01-10,,
1972-01-17,7420.0,5680.0
1972-01-24,,
1972-01-31,,
1972-02-07,5476.666666666667,4898.0
1972-02-14,,
1972-02-21,,
1972-02-28,,
1972-03-06,,
1972-03-13,2130.0,4320.0
1972-03-20,,
1972-03-27,1930.0,4270.0
1972-04-03,1320.0,6950.0
1972-04-10,1680.0,4015.0
1972-04-17,,
1972-04-24,,
1972-05-01,1510.0,8200.0
1972-05-08,,
1972-05-15,,
1972-05-22,,
1972-05-29,2720.0,12970.0
1972-06-05,1340.0,
1972-06-12,,
1972-06-19,,
1972-06-26,1730.0,2845.0
1972-07-03,,
1972-07-10,,
1972-07-17,2400.0,5695.0
1972-07-24,1794.0,8150.0
1972-07-31,2556.0,2882.5
1972-08-07,,
1972-08-14,2050.0,5590.0
1972-08-21,,
1972-08-28,,
1972-09-04,,
1972-09-11,1670.0,
1972-09-18,4315.0,3321.75
1972-09-25,,
1972-10-02,,
1972-10-09,1460.0,5080.0
1972-10-16,,
1972-10-23,1020.0,
1972-10-30,,
1972-11-06,3030.0,6505.0
1972-11-13,490.0,24400.0
1972-11-20,,
1972-11-27,,
1972-12-04,3008.3333333333335,6975.294117647059
1972-12-11,,
1972-12-18,,
1972-12-25,,
1973-01-01,,
1973-01-08,2890.0,10317.5
1973-01-15,,
1973-01-22,2976.6666666666665,
1973-01-29,2400.0,2590.0
1973-02-05,2830.0,10420.0
1973-02-12,,
1973-02-19,,
1973-02-26,,
1973-03-05,1445.0,6607.5
1973-03-12,,
1973-03-19,,
1973-03-26,1930.0,4270.0
1973-04-02,341.42857142857144,
1973-04-09,,
1973-04-16,2064.0,2248.0
1973-04-23,,
1973-04-30,1925.0,6647.5
1973-05-07,,
1973-05-14,,
1973-05-21,2230.0,6505.0
1973-05-28,,
1973-06-04,497.5,
1973-06-11,496.3636363636364,
1973-06-18,3200.0,3865.0
1973-06-25,1380.0,17300.0
1973-07-02,,
1973-07-09,,
1973-07-16,2191.4457831325303,3253.7662337662337
1973-07-23,,
1973-07-30,,
1973-08-06,,
1973-08-13,,
1973-08-20,2750.0,11197.5
1973-08-27,,
1973-09-03,1786.0,
1973-09-10,1770.0,3440.0
1973-09-17,1400.0,2570.0
1973-09-24,,
1973-10-01,,
1973-10-08,2250.0,4507.5
1973-10-15,,
1973-10-22,,
1973-10-29,,
1973-11-05,3100.0,5285.0
1973-11-12,,
1973-11-19,,
1973-11-26,3400.0,24275.0
1973-12-03,,
1973-12-10,,
1973-12-17,,
1973-12-24,2315.0,
1973-12-31,,
1974-01-07,2358.6666666666665,
1974-01-14,4700.0,5995.0
1974-01-21,4800.0,8950.0
1974-01-28,4400.0,11190.0
1974-02-04,,
1974-02-11,3360.5,5105.0
1974-02-18,4000.0,8150.0
1974-02-25,4170.0,
1974-03-04,,
1974-03-11,,
1974-03-18,2365.6666333333333,
1974-03-25,2570.0,105500.0
1974-04-01,,
1974-04-08,,
1974-04-15,,
1974-04-22,,
1974-04-29,2200.0,6035.0
1974-05-06,,
1974-05-13,,
1974-05-20,3641.6666666666665,7300.0
1974-05-27,1400.0,26350.0
1974-06-03,,
1974-06-10,2118.5,
1974-06-17,2937.1428571428573,
1974-06-24,10400.0,5385.0
1974-07-01,1694.6666333333333,
1974-07-08,,
1974-07-15,,
1974-07-22,,
1974-07-29,2562.4444444444443,
1974-08-05,,
1974-08-12,1568.0,
1974-08-19,3155.714285714286,1762.857142857143
1974-08-26,1883.0,1800.0
1974-09-02,10675.0,4497.5
1974-09-09,2042.6666666666667,
1974-09-16,,
1974-09-23,2726.0,3600.0
1974-09-30,,
1974-10-07,6750.0,4115.0
1974-10-14,2372.999975,1322.5
1974-10-21,6350.0,14950.0
1974-10-28,,
1974-11-04,2431.6666666666665,2946.6666666666665
1974-11-11,1459.0,2830.0
1974-11-18,3103.3333333333335,
1974-11-25,,
1974-12-02,360.0,346.6666666666667
1974-12-09,2370.3636363636365,1903.6363636363637
1974-12-16,2970.0,4860.0
1974-12-23,2298.0,
1974-12-30,,
1975-01-06,8738.0,23270.0
1975-01-13,1655.0,2950.0
1975-01-20,,
1975-01-27,,
1975-02-03,2576.0,8400.0
1975-02-10,2040.5,4260.0
1975-02-17,,
1975-02-24,,
1975-03-03,2493.8,5668.0
1975-03-10,4922.5,27850.0
1975-03-17,2055.0,6370.0
1975-03-24,,
1975-03-31,2283.6666666666665,9150.0
1975-04-07,,
1975-04-14,875.5,2125.0
1975-04-21,3550.0,38650.0
1975-04-28,2800.0,44750.0
1975-05-05,1992.2,7217.5
1975-05-12,1175.0,3720.0
1975-05-19,490.0,
1975-05-26,,
1975-06-02,1010.7608695652174,2832.0652173913045
1975-06-09,861.0,4940.0
1975-06-16,1056.4,763.3333333333334
1975-06-23,250.0,
1975-06-30,,
1975-07-07,,
1975-07-14,1725.0,3280.0
1975-07-21,505.0,1395.0
1975-07-28,,
1975-08-04,,
1975-08-11,1734.0,2268.625
1975-08-18,,
1975-08-25,,
1975-09-01,5100.0,5185.0
1975-09-08,6840.5,2700.0
1975-09-15,190.0,360.0
1975-09-22,,
1975-09-29,,
1975-10-06,1338.72,1241.6
1975-10-13,,
1975-10-20,150.0,320.0
1975-10-27,12250.0,7750.0
1975-11-03,4169.333333333333,5284.0
1975-11-10,4225.0,3862.5
1975-11-17,1477.027027027027,1673.5135135135135
1975-11-24,,
1975-12-01,,
1975-12-08,2155.3636363636365,6488.181818181818
1975-12-15,,
1975-12-22,,
1975-12-29,,
1976-01-05,2444.4444444444443,12601.666666666666
1976-01-12,2445.714285714286,4521.428571428572
1976-01-19,,
1976-01-26,1430.0,6100.0
1976-02-02,1096.0,5200.0
1976-02-09,,
1976-02-16,3550.0,6500.0
1976-02-23,160.0,290.0
1976-03-01,2062.0,13504.0
1976-03-08,3215.0,8725.0
1976-03-15,,
1976-03-22,,
1976-03-29,,
1976-04-05,590.0,8350.0
1976-04-12,623.5,2520.0
1976-04-19,,
1976-04-26,220.0,460.0
1976-05-03,1660.0,33050.0
1976-05-10,2060.1,7012.0
1976-05-17,580.0,8250.0
1976-05-24,,
1976-05-31,,
1976-06-07,4044.75,7846.315789473684
1976-06-14,220.0,
1976-06-21,,
1976-06-28,,
1976-07-05,5028.571428571428,4338.333333333333
1976-07-12,210.0,1240.0
1976-07-19,1401.0,3890.0
1976-07-26,18450.0,1610.0
1976-08-02,805.4545454545455,627.2727272727273
1976-08-09,2380.0,3555.0
1976-08-16,,
1976-08-23,1862.0,3870.0
1976-08-30,1900.0,2285.0
1976-09-06,,
1976-09-13,,
1976-09-20,7052.454545454545,2025.0
1976-09-27,,
1976-10-04,1845.0,4000.0
1976-10-11,4210.0,3255.0
1976-10-18,,
1976-10-25,,
1976-11-01,7645.666666666667,3790.0
1976-11-08,6400.0,4982.5
1976-11-15,,
1976-11-22,,
1976-11-29,,
1976-12-06,4825.0,9254.285714285714
1976-12-13,660.0,450.0
1976-12-20,,
1976-12-27,,
1977-01-03,,
1977-01-10,3672.833308333333,4330.0
1977-01-17,,
1977-01-24,,
1977-01-31,2460.0,6385.0
1977-02-07,,
1977-02-14,2631.25,3811.25
1977-02-21,3532.0,1070.0
1977-02-28,,
1977-03-07,3298.285714285714,6257.142857142857
1977-03-14,10453.529411764706,10642.5
1977-03-21,,
1977-03-28,,
1977-04-04,4250.0,10650.0
1977-04-11,1398.0,5450.0
1977-04-18,,
1977-04-25,,
1977-05-02,2078.5714285714284,5480.0
1977-05-09,3083.4210526315787,7731.578947368421
1977-05-16,,
1977-05-23,,
1977-05-30,3350.0,11600.0
1977-06-06,995.0,6280.0
1977-06-13,,
1977-06-20,,
1977-06-27,2750.0,6505.0
1977-07-04,2850.0,5535.0
1977-07-11,3866.6666666666665,7000.0
1977-07-18,1016.0,3940.0
1977-07-25,,
1977-08-01,4600.0,3505.0
1977-08-08,,
1977-08-15,1450.0,5790.0
1977-08-22,,
1977-08-29,100.0,
1977-09-05,4025.0,4220.0
1977-09-12,3031.1,1576.0
1977-09-19,,
1977-09-26,,
1977-10-03,,
1977-10-10,4550.0,3355.0
1977-10-17,4049.909090909091,5130.045454545455
1977-10-24,,
1977-10-31,2553.6,3627.0
1977-11-07,3757.1428571428573,8411.42857142857
1977-11-14,1280.0,6350.0
1977-11-21,,
1977-11-28,,
1977-12-05,1960.0,2935.0
1977-12-12,4113.0,58.0
1977-12-19,,
1977-12-26,,
1978-01-02,3800.0,2440.0
1978-01-09,4092.8571428571427,2038.5714285714287
1978-01-16,5200.0,4270.0
1978-01-23,,
1978-01-30,,
1978-02-06,2995.714285714286,1621.4285714285713
1978-02-13,,
1978-02-20,3250.0,2960.0
1978-02-27,,
1978-03-06,610.0,600.0
1978-03-13,3780.7894736842104,2256.315789473684
1978-03-20,1100.0,550.0
1978-03-27,,
1978-04-03,,
1978-04-10,2881.818181818182,6193.636363636364
1978-04-17,760.0,450.0
1978-04-24,,
1978-05-01,4850.0,14800.0
1978-05-08,2642.5,6800.0
1978-05-15,1285.0,1325.0
1978-05-22,,
1978-05-29,,
1978-06-05,3021.4285714285716,4371.428571428572
1978-06-12,190.0,380.0
1978-06-19,,
1978-06-26,,
1978-07-03,3113.3333333333335,3660.0
1978-07-10,920.0,980.0
1978-07-17,9250.0,1840.0
1978-07-24,,
1978-07-31,4000.0,1715.0
1978-08-07,,
1978-08-14,1300.0,840.0
1978-08-21,,
1978-08-28,,
1978-09-04,8325.0,2272.5
1978-09-11,8550.0,3986.0
1978-09-18,,
1978-09-25,,
1978-10-02,1000.0,730.0
1978-10-09,,
1978-10-16,,
1978-10-23,,
1978-10-30,,
1978-11-06,2342.8571428571427,4124.285714285715
1978-11-13,6725.0,5548.0
1978-11-20,,
1978-11-27,1870.0,3300.0
1978-12-04,2284.285714285714,4875.714285714285
1978-12-11,1540.0,3790.0
1978-12-18,460.0,
1978-12-25,,
1979-01-01,,
1979-01-08,5470.909090909091,3030.0
1979-01-15,5450.0,8750.0
1979-01-22,,
1979-01-29,,
1979-02-05,9200.0,2540.0
1979-02-12,3181.0,1270.0
1979-02-19,,
1979-02-26,,
1979-03-05,3496.4285714285716,4719.285714285715
1979-03-12,4712.857142857143,3611.4285714285716
1979-03-19,,
1979-03-26,,
1979-04-02,,
1979-04-09,9800.0,5945.0
1979-04-16,2790.0,4120.0
1979-04-23,,
1979-04-30,2953.3333333333335,3610.0
1979-05-07,6475.0,9402.5
1979-05-14,1000.0,590.0
1979-05-21,2710.0,2160.0
1979-05-28,8550.0,137.0
1979-06-04,,
1979-06-11,6218.571428571428,3004.285714285714
1979-06-18,,
1979-06-25,,
1979-07-02,7075.0,7747.5
1979-07-09,5500.0,5285.0
1979-07-16,,
1979-07-23,,
1979-07-30,,
1979-08-06,7950.0,3865.0
1979-08-13,2323.3333333333335,1953.3333333333333
1979-08-20,,
1979-08-27,,
1979-09-03,7300.0,3255.0
1979-09-10,4242.857142857143,1723.5714285714287
1979-09-17,,
1979-09-24,,
1979-10-01,,
1979-10-08,4843.714285714285,1537.142857142857
1979-10-15,,
1979-10-22,6651.818181818182,2857.2727272727275
1979-10-29,,
1979-11-05,5545.714285714285,3444.285714285714
1979-11-12,9200.0,9750.0
1979-11-19,4770.0,4840.0
1979-11-26,,
1979-12-03,,
1979-12-10,10018.57142857143,15760.0
1979-12-17,,
1979-12-24,3550.0,9770.0
1979-12-31,850.0,600.0
1980-01-07,6077.142857142857,5534.285714285715
1980-01-14,5147.142857142857,7135.714285714285
1980-01-21,,
1980-01-28,,
1980-02-04,8000.0,3455.0
1980-02-11,3931.4285714285716,4375.714285714285
1980-02-18,2590.0,2880.0
1980-02-25,,
1980-03-03,5950.0,4470.0
1980-03-10,4825.714285714285,4802.857142857143
1980-03-17,,
1980-03-24,,
1980-03-31,,
1980-04-07,7350.0,12200.0
1980-04-14,4950.0,2435.0
1980-04-21,2420.0,1820.0
1980-04-28,,
1980-05-05,4059.0,2614.0
1980-05-12,6150.0,8350.0
1980-05-19,1654.0,2410.0
1980-05-26,,
1980-06-02,,
1980-06-09,12550.0,4040.0
1980-06-16,,
1980-06-23,,
1980-06-30,,
1980-07-07,5950.0,5235.0
1980-07-14,4280.0,4170.0
1980-07-21,,
1980-07-28,26300.0,91.5
1980-08-04,,
1980-08-11,7838.666666666667,4216.0
1980-08-18,,
1980-08-25,,
1980-09-01,5250.0,9200.0
1980-09-08,4750.0,8200.0
1980-09-15,,
1980-09-22,2690.0,3520.0
1980-09-29,,
1980-10-06,8000.0,24400.0
1980-10-13,1046.0,1040.0
1980-10-20,3035.0,7710.0
1980-10-27,,
1980-11-03,1730.0,8750.0
1980-11-10,4397.384615384615,7016.153846153846
1980-11-17,2290.0,4470.0
1980-11-24,,
1980-12-01,,
1980-12-08,1132.0,1192.0
1980-12-15,4500.0,18800.0
1980-12-22,,
1980-12-29,,
1981-01-05,,
1981-01-12,3056.6666666666665,5974.0
1981-01-19,6000.0,9050.0
1981-01-26,,
1981-02-02,,
1981-02-09,6560.425531914893,7567.021276595745
1981-02-16,1036.0,460.0
1981-02-23,,
1981-03-02,5150.0,5100.0
1981-03-09,7300.0,6705.0
1981-03-16,,
1981-03-23,,
1981-03-30,2900.0,2830.0
1981-04-06,,
1981-04-13,4175.0,14425.0
1981-04-20,910.0,4160.0
1981-04-27,,
1981-05-04,5150.0,1725.0
1981-05-11,2352.6315789473683,7695.263157894737
1981-05-18,3825.0,6502.5
1981-05-25,,
1981-06-01,896.0,3090.0
1981-06-08,,
1981-06-15,3715.4545454545455,9582.727272727272
1981-06-22,,
1981-06-29,5100.0,9300.0
1981-07-06,5450.0,5100.0
1981-07-13,980.0,4280.0
1981-07-20,,
1981-07-27,,
1981-08-03,,
1981-08-10,3050.0,9300.0
1981-08-17,3883.3333333333335,5648.0
1981-08-24,,
1981-08-31,2400.0,7360.0
1981-09-07,6150.0,5895.0
1981-09-14,2038.4,1276.0
1981-09-21,3344.5,1531.25
1981-09-28,,
1981-10-05,12250.0,6655.0
1981-10-12,6050.0,5100.0
1981-10-19,2170.0,3660.0
1981-10-26,,
1981-11-02,1121.0,605.0
1981-11-09,2690.0,9650.0
1981-11-16,,
1981-11-23,2920.0,6230.0
1981-11-30,,
1981-12-07,7739.2,6442.8
1981-12-14,,
1981-12-21,861.0,555.0
1981-12-28,,
1982-01-04,2650.0,4390.0
1982-01-11,6330.0,2400.0
1982-01-18,10400.0,9500.0
1982-01-25,,
1982-02-01,7950.0,27450.0
1982-02-08,2500.0,7300.0
1982-02-15,2901.0,2540.0
1982-02-22,,
1982-03-01,737.8,594.0
1982-03-08,,
1982-03-15,10450.0,5285.0
1982-03-22,2620.0,2070.0
1982-03-29,3390.0,3575.0
1982-04-05,17800.0,5235.0
1982-04-12,9220.0,6030.0
1982-04-19,,
1982-04-26,771.0,505.0
1982-05-03,8487.142857142857,4130.0
1982-05-10,,
1982-05-17,,
1982-05-24,3970.0,18712.5
1982-05-31,2730.0,3500.0
1982-06-07,14647.555555555555,1662.2222222222222
1982-06-14,21023.052631578947,3382.6315789473683
1982-06-21,,
1982-06-28,1514.0,1056.6666666666667
1982-07-05,,
1982-07-12,,
1982-07-19,6200.0,2795.0
1982-07-26,1825.0,1480.0
1982-08-02,,
1982-08-09,11010.0,2297.0
1982-08-16,1888.8,1012.0
1982-08-23,8200.673575129535,3798.60103626943
1982-08-30,,
1982-09-06,,
1982-09-13,3895.714285714286,2220.0
1982-09-20,,
1982-09-27,1723.0,820.0
1982-10-04,1400.0,1520.0
1982-10-11,,
1982-10-18,7133.333333333333,3035.0
1982-10-25,2550.0,1770.0
1982-11-01,,
1982-11-08,7300.0,4265.0
1982-11-15,1900.0,1940.0
1982-11-22,,
1982-11-29,7175.0,6902.5
1982-12-06,5172.501253132832,7565.764411027569
1982-12-13,1449.0,1848.0
1982-12-20,1100.0,980.0
1982-12-27,,
1983-01-03,2350.0,2200.0
1983-01-10,2040.0,2520.0
1983-01-17,6150.0,4475.0
1983-01-24,,
1983-01-31,805.0,440.0
1983-02-07,,
1983-02-14,6863.495934959349,3228.7804878048782
1983-02-21,5454.010050251256,2246.78391959799
1983-02-28,,
1983-03-07,4056.0,1764.6
1983-03-14,3917.5616659927214,1325.8236959158917
1983-03-21,1890.0,1150.0
1983-03-28,,
1983-04-04,3266.25,576.375
1983-04-11,5175.0,2627.5
1983-04-18,2918.703703703704,1197.7777777777778
1983-04-25,,
1983-05-02,,
1983-05-09,,
1983-05-16,3560.0,2494.0
1983-05-23,980.0,420.0
1983-05-30,6768.409090909091,5915.113636363636
1983-06-06,1940.0,1790.0
1983-06-13,2330.0,1197.5
1983-06-20,400.0,480.0
1983-06-27,,
1983-07-04,,
1983-07-11,1850.0,1000.0
1983-07-18,6750.0,3005.0
1983-07-25,920.0,610.0
1983-08-01,13066.666666666666,7695.0
1983-08-08,,
1983-08-15,2110.0,3180.0
1983-08-22,,
1983-08-29,3134.2105263157896,1622.6315789473683
1983-09-05,6150.0,4265.0
1983-09-12,1475.0,800.0
1983-09-19,,
1983-09-26,6200.0,981.6666666666666
1983-10-03,9309.09090909091,8993.636363636364
1983-10-10,9850.0,15450.0
1983-10-17,,
1983-10-24,4150.0,2135.0
1983-10-31,966.0,475.0
1983-11-07,3705.483870967742,2353.2258064516127
1983-11-14,2300.5714285714284,1694.857142857143
1983-11-21,,
1983-11-28,,
1983-12-05,3700.0,3250.0
1983-12-12,,
1983-12-19,7935.0,1798.1
1983-12-26,,
1984-01-02,,
1984-01-09,,
1984-01-16,5200.0,1940.0
1984-01-23,2608.4615384615386,937.5
1984-01-30,,
1984-02-06,2705.0,1938.3333333333333
1984-02-13,,
1984-02-20,5204.705882352941,2147.264705882353
1984-02-27,,
1984-03-05,1116.5714285714287,852.8571428571429
1984-03-12,6100.0,3455.0
1984-03-19,4750.0,1710.0
1984-03-26,6800.0,7300.0
1984-04-02,9525.0,5692.5
1984-04-09,,
1984-04-16,,
1984-04-23,1026.0,365.0
1984-04-30,2700.0,1565.0
1984-05-07,2622.6,1496.1818181818182
1984-05-14,6750.0,2540.0
1984-05-21,,
1984-05-28,2880.0,2576.0
1984-06-04,1121.3333333333333,666.0
1984-06-11,12962.5,1669.875
1984-06-18,3900.0,1725.0
1984-06-25,,
1984-07-02,,
1984-07-09,,
1984-07-16,4706.261142498431,1404.2837413684872
1984-07-23,,
1984-07-30,,
1984-08-06,,
1984-08-13,9816.666666666666,2995.0
1984-08-20,5101.0,855.0
1984-08-27,,
1984-09-03,,
1984-09-10,,
1984-09-17,2294.464285714286,1832.142857142857
1984-09-24,3823.959390862944,1603.969543147208
1984-10-01,,
1984-10-08,,
1984-10-15,12020.0,2506.0
1984-10-22,,
1984-10-29,2138.25,996.25
1984-11-05,,
1984-11-12,4350.0,3100.0
1984-11-19,716.0,380.0
1984-11-26,3350.0,1595.0
1984-12-03,4300.0,1100.0
1984-12-10,2592.5,772.5
1984-12-17,6670.0,4320.0
1984-12-24,,
1984-12-31,,
1985-01-07,,
1985-01-14,7950.0,2135.0
1985-01-21,4266.578947368421,1441.842105263158
1985-01-28,,
1985-02-04,,
1985-02-11,4830.0,3949.0
1985-02-18,,
1985-02-25,486.0,200.0
1985-03-04,1400.0,920.0
1985-03-11,2857.5,1164.4166666666667
1985-03-18,,
1985-03-25,,
1985-04-01,,
1985-04-08,6200.0,6145.0
1985-04-15,3750.0,1647.5
1985-04-22,4050.0,2135.0
1985-04-29,974.0,2273.0
1985-05-06,,
1985-05-13,2400.3846153846152,969.0384615384615
1985-05-20,676.0,250.0
1985-05-27,,
1985-06-03,1030.0,1830.0
1985-06-10,5677.777777777777,3996.6666666666665
1985-06-17,,
1985-06-24,991.0,250.0
1985-07-01,3350.0,1710.0
1985-07-08,,
1985-07-15,4050.0,2895.0
1985-07-22,3135.0485436893205,893.6893203883495
1985-07-29,,
1985-08-05,,
1985-08-12,4116.666666666667,3081.6666666666665
1985-08-19,3600.25,1233.75
1985-08-26,,
1985-09-02,,
1985-09-09,,
1985-09-16,2875.714285714286,2421.4285714285716
1985-09-23,,
1985-09-30,3945.4545454545455,1209.25
1985-10-07,,
1985-10-14,6240.0,2055.0
1985-10-21,,
1985-10-28,4900.0,2235.0
1985-11-04,,
1985-11-11,,
1985-11-18,,
1985-11-25,3700.0,2656.6666666666665
1985-12-02,834.5,265.0
1985-12-09,1500.0,3250.0
1985-12-16,4775.0,3532.5
1985-12-23,6150.0,4525.0
1985-12-30,,
1986-01-06,,
1986-01-13,,
1986-01-20,,
1986-01-27,7400.0,2490.0
1986-02-03,,
1986-02-10,3300.0,1930.0
1986-02-17,6525.0,2360.0
1986-02-24,2278.0,1470.0
1986-03-03,,
1986-03-10,5200.0,3255.0
1986-03-17,,
1986-03-24,2100.0,2250.0
1986-03-31,888.0,260.0
1986-04-07,1503.0,1690.0
1986-04-14,13066.666666666666,2373.3333333333335
1986-04-21,,
1986-04-28,5700.0,2540.0
1986-05-05,,
1986-05-12,,
1986-05-19,4650.0,3660.0
1986-05-26,,
1986-06-02,4550.0,11100.0
1986-06-09,2756.6666666666665,2250.0
1986-06-16,,
1986-06-23,10150.0,1905.0
1986-06-30,,
1986-07-07,5950.0,2010.0
1986-07-14,6333.333333333333,2053.3333333333335
1986-07-21,,
1986-07-28,,
1986-08-04,,
1986-08-11,,
1986-08-18,6750.0,543.0
1986-08-25,10700.0,4182.5
1986-09-01,,
1986-09-08,,
1986-09-15,5450.0,2185.0
1986-09-22,,
1986-09-29,4180.0,1338.0
1986-10-06,,
1986-10-13,6160.0,3068.0
1986-10-20,,
1986-10-27,,
1986-11-03,4450.0,1785.0
1986-11-10,,
1986-11-17,3950.0,3230.0
1986-11-24,,
1986-12-01,,
1986-12-08,,
1986-12-15,6553.0,1757.5
1986-12-22,2100.0,1000.0
1986-12-29,,
1987-01-05,,
1987-01-12,2570.0,81.0
1987-01-19,,
1987-01-26,,
1987-02-02,,
1987-02-09,9800.0,7250.0
1987-02-16,4800.0,5285.0
1987-02-23,,
1987-03-02,,
1987-03-09,5200.0,2490.0
1987-03-16,710.0,3500.0
1987-03-23,,
1987-03-30,,
1987-04-06,5458.392857142857,2178.214285714286
1987-04-13,,
1987-04-20,,
1987-04-27,,
1987-05-04,,
1987-05-11,,
1987-05-18,4681.818181818182,3198.6363636363635
1987-05-25,,
1987-06-01,,
1987-06-08,17450.0,1555.0
1987-06-15,,
1987-06-22,,
1987-06-29,1700.0,1200.0
1987-07-06,,
1987-07-13,9150.0,3045.0
1987-07-20,,
1987-07-27,8650.0,2270.0
1987-08-03,,
1987-08-10,,
1987-08-17,3092.5,1330.0
1987-08-24,,
1987-08-31,,
1987-09-07,,
1987-09-14,4400.0,3255.0
1987-09-21,,
1987-09-28,,
1987-10-05,4947.619047619048,4640.952380952381
1987-10-12,,
1987-10-19,4250.0,1435.0
1987-10-26,,
1987-11-02,,
1987-11-09,,
1987-11-16,,
1987-11-23,4150.0,3555.0
1987-11-30,430.0,340.0
1987-12-07,7025.0,1285.0
1987-12-14,4460.0,1656.0
1987-12-21,,
1987-12-28,,
1988-01-04,,
1988-01-11,,
1988-01-18,7900.0,1620.0
1988-01-25,3850.0,1260.0
1988-02-01,1090.0,480.0
1988-02-08,,
1988-02-15,6475.0,2630.0833333333335
1988-02-22,,
1988-02-29,,
1988-03-07,,
1988-03-14,,
1988-03-21,,
1988-03-28,,
1988-04-04,1700.0,820.0
1988-04-11,4050.0,697.5
1988-04-18,4860.0,2990.0
1988-04-25,,
1988-05-02,,
1988-05-09,,
1988-05-16,,
1988-05-23,,
1988-05-30,,
1988-06-06,,
1988-06-13,3564.090909090909,3284.090909090909
1988-06-20,,
1988-06-27,,
1988-07-04,950.0,1400.0
1988-07-11,815.0,400.0
1988-07-18,,
1988-07-25,,
1988-08-01,,
1988-08-08,4950.0,2335.0
1988-08-15,13472.222222222223,1735.5555555555557
1988-08-22,,
1988-08-29,,
1988-09-05,,
1988-09-12,,
1988-09-19,4033.684210526316,1224.7368421052631
1988-09-26,1230.0,610.0
1988-10-03,2000.0,1000.0
1988-10-10,,
1988-10-17,7275.0,2638.5
1988-10-24,,
1988-10-31,,
1988-11-07,,
1988-11-14,,
1988-11-21,1420.0,290.0
1988-11-28,,
1988-12-05,,
1988-12-12,9850.0,1395.0
1988-12-19,6941.666666666667,2370.8333333333335
1988-12-26,,
1989-01-02,2400.0,720.0
1989-01-09,1050.0,280.0
1989-01-16,,
1989-01-23,1995.0,1190.0
1989-01-30,,
1989-02-06,,
1989-02-13,11650.0,1720.0
1989-02-20,8900.0,2850.0
1989-02-27,,
1989-03-06,,
1989-03-13,,
1989-03-20,,
1989-03-27,,
1989-04-03,1605.5,874.25
1989-04-10,7280.0,3362.0
1989-04-17,4300.0,2085.0
1989-04-24,,
1989-05-01,,
1989-05-08,,
1989-05-15,,
1989-05-22,,
1989-05-29,,
1989-06-05,693.0,1450.0
1989-06-12,3975.0,1894.1666666666667
1989-06-19,,
1989-06-26,,
1989-07-03,,
1989-07-10,,
1989-07-17,1700.0,920.0
1989-07-24,1330.0,540.0
1989-07-31,,
1989-08-07,,
1989-08-14,,
1989-08-21,,
1989-08-28,4350.0,2335.0
1989-09-04,,
1989-09-11,1350.0,410.0
1989-09-18,,
1989-09-25,,
1989-10-02,2700.0,840.0
1989-10-09,8960.0,2722.0
1989-10-16,6750.0,2640.0
1989-10-23,4028.0,973.1428571428571
1989-10-30,5350.0,1415.0
1989-11-06,1880.0,750.0
1989-11-13,,
1989-11-20,,
1989-11-27,,
1989-12-04,1317.5,663.25
1989-12-11,4792.857142857143,2735.714285714286
1989-12-18,6750.0,3255.0
1989-12-25,2200.0,1700.0
1990-01-01,,
1990-01-08,,
1990-01-15,,
1990-01-22,,
1990-01-29,1980.0,20.0
1990-02-05,1700.0,697.0
1990-02-12,6710.0,3806.0
1990-02-19,5700.0,2695.0
1990-02-26,1020.0,280.0
1990-03-05,2960.0,960.0
1990-03-12,2080.0,1120.0
1990-03-19,,
1990-03-26,2300.0,1100.0
1990-04-02,,
1990-04-09,,
1990-04-16,15060.0,2229.0
1990-04-23,1535.0,126.5
1990-04-30,,
1990-05-07,3110.4285714285716,2721.285714285714
1990-05-14,,
1990-05-21,,
1990-05-28,,
1990-06-04,1630.0,1080.0
1990-06-11,1690.0,892.125
1990-06-18,5600.0,2490.0
1990-06-25,3003.0,2405.0
1990-07-02,3850.0,1755.0
1990-07-09,1440.0,1300.0
1990-07-16,,
1990-07-23,,
1990-07-30,2270.0,233.5
1990-08-06,,
1990-08-13,,
1990-08-20,1420.0,760.0
1990-08-27,2020.0,406.5
1990-09-03,3638.5714285714284,1782.857142857143
1990-09-10,6672.0,1544.0
1990-09-17,1800.0,880.0
1990-09-24,,
1990-10-01,2395.0,330.0
1990-10-08,,
1990-10-15,,
1990-10-22,,
1990-10-29,,
1990-11-05,3850.0,2184.1666666666665
1990-11-12,,
1990-11-19,1902.857142857143,522.2857142857143
1990-11-26,,
1990-12-03,2845.0,2757.5
1990-12-10,5150.0,2795.0
1990-12-17,4350.0,2845.0
1990-12-24,,
1990-12-31,,
1991-01-07,3200.0,1775.0
1991-01-14,,
1991-01-21,,
1991-01-28,,
1991-02-04,2900.0,2835.0
1991-02-11,1402.5,604.375
1991-02-18,835.0,323.5
1991-02-25,,
1991-03-04,,
1991-03-11,1150.5,400.0
1991-03-18,3626.6666666666665,2146.6666666666665
1991-03-25,,
1991-04-01,4250.0,2695.0
1991-04-08,,
1991-04-15,897.6,250.6
1991-04-22,,
1991-04-29,,
1991-05-06,,
1991-05-13,1423.75,383.5
1991-05-20,,
1991-05-27,4100.0,22350.0
1991-06-03,,
1991-06-10,4880.0,2648.0
1991-06-17,2255.5,428.25
1991-06-24,,
1991-07-01,,
1991-07-08,4350.0,4255.0
1991-07-15,4603.4,1727.0
1991-07-22,5950.0,2050.0
1991-07-29,,
1991-08-05,,
1991-08-12,1801.0,681.5
1991-08-19,3675.0,1170.0
1991-08-26,7300.0,1012.75
1991-09-02,,
1991-09-09,4400.0,1445.0
1991-09-16,3430.0,1102.0
1991-09-23,1477.142857142857,614.5714285714286
1991-09-30,,
1991-10-07,1967.0,842.0
1991-10-14,,
1991-10-21,1260.0,350.0
1991-10-28,,
1991-11-04,1700.0,1352.5
1991-11-11,,
1991-11-18,1112.5,485.5
1991-11-25,,
1991-12-02,,
1991-12-09,4230.0,2411.0
1991-12-16,5150.0,2335.0
1991-12-23,939.5,1313.0
1991-12-30,,
1992-01-06,,
1992-01-13,991.5,469.5
1992-01-20,3450.0,4165.0
1992-01-27,7350.0,1975.0
1992-02-03,,
1992-02-10,880.0,210.0
1992-02-17,874.5,361.5
1992-02-24,,
1992-03-02,,
1992-03-09,1870.0,720.0
1992-03-16,1514.5,520.5
1992-03-23,4340.0,3185.0
1992-03-30,3700.0,2645.0
1992-04-06,1292.0,1880.0
1992-04-13,1470.0,740.0
1992-04-20,827.0,487.5
1992-04-27,,
1992-05-04,,
1992-05-11,,
1992-05-18,788.0,370.0
1992-05-25,840.0,230.0
1992-06-01,,
1992-06-08,1125.0,215.0
1992-06-15,3800.1666666666665,1749.5416666666667
1992-06-22,4050.0,2185.0
1992-06-29,3200.0,2285.0
1992-07-06,,
1992-07-13,2425.0,929.5
1992-07-20,2023.923076923077,1403.076923076923
1992-07-27,,
1992-08-03,,
1992-08-10,3227.5,1324.25
1992-08-17,4550.0,1420.0
1992-08-24,1935.0,445.0
1992-08-31,,
1992-09-07,3415.5,936.75
1992-09-14,,
1992-09-21,5200.0,1505.0
1992-09-28,5604.0625,1182.71875
1992-10-05,1826.0,732.0
1992-10-12,5800.0,1370.0
1992-10-19,1872.5,648.5
1992-10-26,,
1992-11-02,5234.418604651163,1304.4186046511627
1992-11-09,1040.0,290.0
1992-11-16,1520.0,542.0
1992-11-23,,
1992-11-30,,
1992-12-07,,
1992-12-14,2075.6129032258063,658.5806451612904
1992-12-21,,
1992-12-28,,
1993-01-04,1565.0,506.6666666666667
1993-01-11,1063.142857142857,346.2857142857143
1993-01-18,5422.222222222223,1147.7777777777778
1993-01-25,,
1993-02-01,,
1993-02-08,2019.0,441.5
1993-02-15,1148.4375,125.625
1993-02-22,1660.0,750.0
1993-03-01,,
1993-03-08,1040.0,290.0
1993-03-15,1845.0,494.0
1993-03-22,,
1993-03-29,1880.0,615.0
1993-04-05,,
1993-04-12,1520.0,595.0
1993-04-19,3641.813953488372,447.30232558139534
1993-04-26,4266.666666666667,886.6666666666666
1993-05-03,,
1993-05-10,740.0,210.0
1993-05-17,1275.75,383.0
1993-05-24,,
1993-05-31,,
1993-06-07,1237.6666666666667,587.2
1993-06-14,1126.5,440.0
1993-06-21,4850.0,2235.0
1993-06-28,,
1993-07-05,906.0,570.0
1993-07-12,2609.0526315789475,1387.4473684210527
1993-07-19,1616.0,795.0
1993-07-26,,
1993-08-02,,
1993-08-09,3218.5714285714284,1628.5714285714287
1993-08-16,1601.5,553.0
1993-08-23,3021.655172413793,982.6896551724138
1993-08-30,,
1993-09-06,1392.0,279.5
1993-09-13,4350.0,2375.0
1993-09-20,2136.324324324324,633.081081081081
1993-09-27,5952.0,1414.4
1993-10-04,,
1993-10-11,,
1993-10-18,5499.666666666667,1226.111111111111
1993-10-25,,
1993-11-01,810.0,170.0
1993-11-08,,
1993-11-15,2733.1428571428573,553.7142857142857
1993-11-22,,
1993-11-29,1510.0,576.0
1993-12-06,,
1993-12-13,,
1993-12-20,845.3076923076923,99.15384615384616
1993-12-27,,
1994-01-03,,
1994-01-10,,
1994-01-17,1254.5,357.5
1994-01-24,,
1994-01-31,1348.5714285714287,438.57142857142856
1994-02-07,4600.0,1435.0
1994-02-14,2966.816326530612,1304.1020408163265
1994-02-21,,
1994-02-28,,
1994-03-07,,
1994-03-14,1527.1864406779662,882.1694915254237
1994-03-21,1600.0,1000.0
1994-03-28,1460.0,750.0
1994-04-04,,
1994-04-11,717.0,342.0
1994-04-18,627.3333333333334,9.0
1994-04-25,1777.5,864.25
1994-05-02,949.1,563.2
1994-05-09,1620.0,1100.0
1994-05-16,2716.6666666666665,915.8333333333334
1994-05-23,1088.857142857143,389.42857142857144
1994-05-30,,
1994-06-06,7075.0,1139.25
1994-06-13,1678.2727272727273,452.45454545454544
1994-06-20,,
1994-06-27,1640.2,849.4
1994-07-04,1477.0,1077.0
1994-07-11,1083.6666666666667,112.16666666666667
1994-07-18,2720.090909090909,858.1818181818181
1994-07-25,,
1994-08-01,1106.0,340.0
1994-08-08,973.0,66.0
1994-08-15,7336.363636363636,1352.0454545454545
1994-08-22,1545.0,547.0
1994-08-29,3479.2533333333336,1023.48
1994-09-05,2518.5,623.0
1994-09-12,1331.5,514.0
1994-09-19,2277.4363636363637,504.6909090909091
1994-09-26,4407.692307692308,1029.2307692307693
1994-10-03,,
1994-10-10,1462.0,892.6
1994-10-17,,
1994-10-24,,
1994-10-31,,
1994-11-07,1802.5,846.0
1994-11-14,,
1994-11-21,,
1994-11-28,,
1994-12-05,1560.0,740.0
1994-12-12,4625.625,1094.875
1994-12-19,1213.0,81.0
1994-12-26,1300.0,940.0
1995-01-02,,
1995-01-09,1610.0,585.5
1995-01-16,,
1995-01-23,1440.0,360.0
1995-01-30,1480.0,1000.0
1995-02-06,,
1995-02-13,3048.3333333333335,1099.6666666666667
1995-02-20,1623.7272727272727,547.7727272727273
1995-02-27,,
1995-03-06,,
1995-03-13,1591.0,875.0
1995-03-20,840.0,280.0
1995-03-27,1500.0,1100.0
1995-04-03,,
1995-04-10,6174.833333333333,623.8333333333334
1995-04-17,1190.6666666666667,46.6
1995-04-24,4785.333333333333,1128.0
1995-05-01,3962.5,1793.75
1995-05-08,2706.3505154639174,969.1855670103092
1995-05-15,2900.0,662.25
1995-05-22,,
1995-05-29,,
1995-06-05,,
1995-06-12,2275.0,1048.5
1995-06-19,1536.909090909091,207.8181818181818
1995-06-26,5100.0,2070.0
1995-07-03,8725.0,1317.5
1995-07-10,1787.5,585.5
1995-07-17,1776.8,413.8
1995-07-24,560.0,25.0
1995-07-31,,
1995-08-07,6075.0,1378.75
1995-08-14,3424.5,1512.8333333333333
1995-08-21,1588.6666666666667,224.16666666666666
1995-08-28,,
1995-09-04,,
1995-09-11,4541.8,995.0
1995-09-18,1832.4117647058824,363.5882352941176
1995-09-25,4450.0,1870.0
1995-10-02,1720.0,795.0
1995-10-09,,
1995-10-16,,
1995-10-23,,
1995-10-30,3383.714285714286,737.3571428571429
1995-11-06,2733.529411764706,537.6470588235294
1995-11-13,4100.0,1106.6666666666667
1995-11-20,1902.5,565.5
1995-11-27,2956.25,859.375
1995-12-04,,
1995-12-11,2140.0,982.0
1995-12-18,930.0909090909091,121.63636363636364
1995-12-25,,
1996-01-01,,
1996-01-08,1595.1,820.2
1996-01-15,,
1996-01-22,2176.25,253.46875
1996-01-29,650.0,4.0
1996-02-05,,
1996-02-12,2131.5,626.75
1996-02-19,839.4285714285714,54.57142857142857
1996-02-26,1682.25,228.0
1996-03-04,,
1996-03-11,,
1996-03-18,1682.4285714285713,559.1428571428571
1996-03-25,700.75,232.0
1996-04-01,,
1996-04-08,,
1996-04-15,1411.5,536.5
1996-04-22,2047.9148936170213,379.70212765957444
1996-04-29,5800.0,1525.0
1996-05-06,842.0,440.0
1996-05-13,1491.0,489.5
1996-05-20,,
1996-05-27,1981.875,640.25
1996-06-03,,
1996-06-10,1675.0,394.375
1996-06-17,3915.8558558558557,651.7117117117117
1996-06-24,2522.3333333333335,528.4117647058823
1996-07-01,,
1996-07-08,,
1996-07-15,3080.0,1260.0
1996-07-22,2619.05,609.95
1996-07-29,1204.3333333333333,39.833333333333336
1996-08-05,7950.0,1330.0
1996-08-12,,
1996-08-19,5335.630057803468,548.8255813953489
1996-08-26,3640.5555555555557,859.3913043478261
1996-09-02,2917.2,363.5
1996-09-09,,
1996-09-16,1433.6,638.8
1996-09-23,3846.633116883117,787.2272727272727
1996-09-30,2729.8214285714284,553.4285714285714
1996-10-07,,
1996-10-14,,
1996-10-21,3469.123831775701,676.8411214953271
1996-10-28,1584.8,489.2
1996-11-04,,
1996-11-11,,
1996-11-18,1597.0,555.5
1996-11-25,2466.75,659.84765625
1996-12-02,,
1996-12-09,1360.0,620.0
1996-12-16,906.919540229885,296.4942528735632
1996-12-23,2378.3333333333335,601.35
1996-12-30,683.6666666666666,26.0
1997-01-06,,
1997-01-13,1600.0,760.0
1997-01-20,1349.4,611.6
1997-01-27,2171.5942028985505,618.9130434782609
1997-02-03,3825.0,671.75
1997-02-10,868.1304347826087,241.08695652173913
1997-02-17,1843.0,478.57142857142856
1997-02-24,2480.5,757.9090909090909
1997-03-03,2346.698113207547,522.7169811320755
1997-03-10,1031.8461538461538,351.2307692307692
1997-03-17,2247.5,814.5714285714286
1997-03-24,,
1997-03-31,1098.0,878.0
1997-04-07,1270.828947368421,449.78945789473687
1997-04-14,3640.0,1305.0
1997-04-21,1405.0,1082.5
1997-04-28,966.0,122.71428571428571
1997-05-05,3130.518771331058,726.1194539249146
1997-05-12,1150.25,316.0
1997-05-19,1436.9999500000001,270.0
1997-05-26,1491.142857142857,819.0
1997-06-02,2376.5,898.4545454545455
1997-06-09,1254.0,399.4
1997-06-16,988.0,177.6
1997-06-23,1500.0,885.0
1997-06-30,2121.6101694915255,931.6016949152543
1997-07-07,887.0,22.8
1997-07-14,1151.546875,263.625
1997-07-21,2007.5,740.25
1997-07-28,4494.0,1173.5714285714287
1997-08-04,1917.7142857142858,542.0238095238095
1997-08-11,3543.4285714285716,604.8571428571429
1997-08-18,2899.75,595.25
1997-08-25,2129.230769230769,838.0
1997-09-01,3981.199074074074,1050.1319444444443
1997-09-08,1267.5,372.0
1997-09-15,3965.6666666666665,735.1923076923077
1997-09-22,1056.842105263158,75.42105263157895
1997-09-29,3300.475319926874,886.1316270566728
1997-10-06,1644.0,444.76190476190476
1997-10-13,1782.0,682.5
1997-10-20,1723.2,614.4
1997-10-27,,
1997-11-03,3100.535714285714,859.280612244898
1997-11-10,1429.1772151898733,382.3544303797468
1997-11-17,,
1997-11-24,2841.904,744.7984
1997-12-01,1651.0,567.0
1997-12-08,1282.3076923076924,350.7692307692308
1997-12-15,1292.5,494.5
1997-12-22,3631.863813229572,868.1789883268483
1997-12-29,,
1998-01-05,1600.0,540.0
1998-01-12,1513.3333333333333,775.7142857142857
1998-01-19,1100.0,800.0
1998-01-26,3488.5853658536585,964.3536585365854
1998-02-02,1207.7142857142858,661.0
1998-02-09,1587.0,670.0
1998-02-16,1513.7777777777778,468.8888888888889
1998-02-23,,
1998-03-02,2225.7616707616708,809.4398034398034
1998-03-09,1395.2857142857142,793.1428571428571
1998-03-16,1100.0,767.0
1998-03-23,1290.0,655.0
1998-03-30,2389.4612244897958,671.6571428571428
1998-04-06,1660.15625,874.1875
1998-04-13,1516.75,1099.0
1998-04-20,1268.1293103448277,576.3448275862069
1998-04-27,3429.943181818182,1055.7954545454545
1998-05-04,2098.754385964912,685.1754385964912
1998-05-11,2181.3636363636365,1084.5
1998-05-18,1276.436974789916,513.6271186440678
1998-05-25,2402.5,1180.0
1998-06-01,1554.1666666666667,878.8571428571429
1998-06-08,2909.125,1210.5
1998-06-15,4223.529411764706,1781.1764705882354
1998-06-22,880.5,437.0
1998-06-29,1834.9136212624585,956.8421926910299
1998-07-06,1757.25,1098.0
1998-07-13,1727.5,980.0
1998-07-20,,
1998-07-27,3891.0526315789475,874.1666666666666
1998-08-03,1367.8650793650793,555.4761904761905
1998-08-10,6030.452380952381,1711.7380952380952
1998-08-17,978.0,318.42857142857144
1998-08-24,3038.8,995.1923076923077
1998-08-31,,
1998-09-07,570.3333333333334,14.4
1998-09-14,1207.8805460750852,589.6996587030717
1998-09-21,4010.0,2257.0
1998-09-28,1850.0,540.0
1998-10-05,3961.438679245283,1110.047846889952
1998-10-12,1892.557471264368,756.8045977011494
1998-10-19,,
1998-10-26,1386.0,784.5
1998-11-02,3064.5297741273102,1006.6283367556468
1998-11-09,967.7950138504156,341.2409972299169
1998-11-16,4092.121212121212,1534.2121212121212
1998-11-23,3174.7321428571427,876.2053571428571
1998-11-30,,
1998-12-07,1528.85,394.3
1998-12-14,636.8181818181819,335.5244755244755
1998-12-21,966.5555555555555,543.0909090909091
1998-12-28,4717.0,1020.0952380952381
1999-01-04,1374.2857142857142,436.0
1999-01-11,2013.3333333333333,1025.6666666666667
1999-01-18,3704.6,1476.4
1999-01-25,2336.0,934.0833333333334
1999-02-01,1454.857142857143,510.0833333333333
1999-02-08,,
1999-02-15,1089.7,850.0
1999-02-22,2921.0526315789475,937.5
1999-03-01,1162.0,631.3076923076923
1999-03-08,1430.0,1000.0
1999-03-15,925.0,423.5
1999-03-22,1776.6666666666667,780.0454545454545
1999-03-29,,
1999-04-05,1375.5555555555557,445.4166666666667
1999-04-12,1620.0,359.4
1999-04-19,1742.6537634408603,884.9569892473119
1999-04-26,,
1999-05-03,2408.75,470.47058823529414
1999-05-10,2917.9411764705883,2486.705882352941
1999-05-17,861.5,492.5
1999-05-24,,
1999-05-31,2419.4736842105262,865.4761904761905
1999-06-07,1976.6666666666667,537.6111111111111
1999-06-14,1370.6896551724137,1391.551724137931
1999-06-21,,
1999-06-28,4148.89247311828,733.5806451612904
1999-07-05,,
1999-07-12,1716.6666666666667,496.3333333333333
1999-07-19,3220.72,1666.88
1999-07-26,,
1999-08-02,3242.054794520548,803.5616438356165
1999-08-09,4525.0,2192.5
1999-08-16,2225.4545454545455,1449.7272727272727
1999-08-23,3724.2392344497607,707.7081339712919
1999-08-30,,
1999-09-06,,
1999-09-13,1537.8,713.0
1999-09-20,1458.4615384615386,922.0769230769231
1999-09-27,4555.714285714285,710.3076923076923
1999-10-04,1850.6896551724137,536.5603448275862
1999-10-11,2680.0,787.0
1999-10-18,1591.0,763.5
1999-10-25,3527.5,1011.952380952381
1999-11-01,1818.75,516.6
1999-11-08,,
1999-11-15,1690.5,437.5
1999-11-22,2821.176470588235,795.6521739130435
1999-11-29,,
1999-12-06,1195.0,240.0
1999-12-13,1728.5,464.0
1999-12-20,2776.5,811.8571428571429
1999-12-27,1421.0,600.0
2000-01-03,,
2000-01-10,1536.0,834.5
2000-01-17,1447.5,1768.5
2000-01-24,2161.1135734072022,752.9418282548477
2000-01-31,,
2000-02-07,1397.1666666666667,283.3333333333333
2000-02-14,1252.4705882352941,482.5
2000-02-21,2411.8056872037914,666.4478672985782
2000-02-28,,
2000-03-06,858.3333333333334,183.33333333333334
2000-03-13,794.2352941176471,326.47058823529414
2000-03-20,1087.6,633.2
2000-03-27,2029.0,759.8181818181819
2000-04-03,973.3333333333334,231.8181818181818
2000-04-10,950.0,1100.0
2000-04-17,853.5,384.375
2000-04-24,1142.0,390.5
2000-05-01,1741.5,740.2
2000-05-08,978.7692307692307,289.3076923076923
2000-05-15,1440.6666666666667,1045.0
2000-05-22,1041.0,459.0
2000-05-29,1810.0,749.25
2000-06-05,1143.3333333333333,276.6666666666667
2000-06-12,1483.2631578947369,947.4736842105264
2000-06-19,,
2000-06-26,1047.0,390.5
2000-07-03,2681.0526315789475,868.304347826087
2000-07-10,1115.2,502.0
2000-07-17,1089.2,1116.4
2000-07-24,,
2000-07-31,,
2000-08-07,1222.0,366.6842105263158
2000-08-14,1514.7,778.1
2000-08-21,,
2000-08-28,1576.75,597.625
2000-09-04,,
2000-09-11,1538.8,606.0
2000-09-18,1597.0,463.0
2000-09-25,2189.0,548.125
2000-10-02,,
2000-10-09,2223.2272727272725,862.8636363636364
2000-10-16,,
2000-10-23,1564.4545454545455,419.20454545454544
2000-10-30,,
2000-11-06,1364.4626865671642,359.1194029850746
2000-11-13,910.0,930.0
2000-11-20,,
2000-11-27,1271.25,663.5714285714286
2000-12-04,,
2000-12-11,1457.0714285714287,511.35714285714283
2000-12-18,684.0,170.25
2000-12-25,1062.5,449.25
2001-01-01,,
2001-01-08,983.5714285714286,163.0857142857143
2001-01-15,2439.5,549.0
2001-01-22,1512.75,285.125
2001-01-29,,
2001-02-05,883.5,231.5
2001-02-12,1686.6,594.1
2001-02-19,1105.5,341.125
2001-02-26,,
2001-03-05,887.0,214.0
2001-03-12,1258.642857142857,972.3571428571429
2001-03-19,1210.5,441.75
2001-03-26,,
2001-04-02,1086.6666666666667,283.3333333333333
2001-04-09,1791.142857142857,677.3571428571429
2001-04-16,2150.0,
2001-04-23,1200.0,920.0
2001-04-30,973.75,509.25
2001-05-07,298.5,300.0
2001-05-14,1004.4444444444445,735.7222222222222
2001-05-21,,
2001-05-28,584.6153846153846,422.3076923076923
2001-06-04,1529.764705882353,536.7058823529412
2001-06-11,1188.923076923077,1218.3076923076924
2001-06-18,,
2001-06-25,1900.0,830.0
2001-07-02,1585.0592592592593,402.8666666666667
2001-07-09,1005.0,1509.5
2001-07-16,1946.952380952381,1140.7619047619048
2001-07-23,,
2001-07-30,2322.561403508772,630.1052631578947
2001-08-06,2330.0,752.5
2001-08-13,2041.357142857143,1155.857142857143
2001-08-20,,
2001-08-27,1781.4615384615386,688.3076923076923
2001-09-03,,
2001-09-10,1391.409090909091,738.7727272727273
2001-09-17,1888.0,566.0
2001-09-24,90.0,701.0
2001-10-01,1873.5,1047.375
2001-10-08,2395.1,829.1
2001-10-15,2158.8,702.8
2001-10-22,2993.3333333333335,406.3333333333333
2001-10-29,2341.7,618.15
2001-11-05,1443.3333333333333,460.0
2001-11-12,1758.8333333333333,788.5
2001-11-19,2244.230769230769,311.34615384615387
2001-11-26,1849.75,566.75
2001-12-03,1342.2222222222222,474.6666666666667
2001-12-10,1740.0,1200.0
2001-12-17,1269.0,417.0
2001-12-24,1846.6666666666667,297.8333333333333
2001-12-31,1379.0,1405.125
2002-01-07,885.9411764705883,335.85
2002-01-14,1586.7307692307693,799.0384615384615
2002-01-21,1470.1,1241.7
2002-01-28,,
2002-02-04,347.5,310.0
2002-02-11,1522.5,1017.5
2002-02-18,882.6315789473684,454.8095238095238
2002-02-25,1641.6666666666667,538.8888888888889
2002-03-04,1285.2941176470588,614.7647058823529
2002-03-11,1366.5116279069769,468.4651162790698
2002-03-18,845.0,380.0
2002-03-25,1062.121212121212,566.1212121212121
2002-04-01,350.0,380.0
2002-04-08,819.3057471264368,598.7931034482758
2002-04-15,1700.0,900.0
2002-04-22,1294.2102040816328,668.1632653061224
2002-04-29,,
2002-05-06,850.0529100529101,594.3862433862433
2002-05-13,885.85,795.0
2002-05-20,780.0,1280.0
2002-05-27,796.375,613.75
2002-06-03,616.3636363636364,526.2105263157895
2002-06-10,833.0,1200.0
2002-06-17,1235.5793103448277,782.9310344827586
2002-06-24,2014.0384615384614,806.5384615384615
2002-07-01,1297.2518248175184,633.9051094890511
2002-07-08,1628.0,1002.0666666666667
2002-07-15,1655.3958333333333,913.8333333333334
2002-07-22,1665.0,831.25
2002-07-29,2686.6666666666665,714.6666666666666
2002-08-05,960.0,659.2666666666667
2002-08-12,1608.6666666666667,732.1333333333333
2002-08-19,1535.0,664.4444444444445
2002-08-26,,
2002-09-02,,
2002-09-09,1232.329192546584,543.944099378882
2002-09-16,1675.5,603.25
2002-09-23,,
2002-09-30,1600.0,800.0
2002-10-07,1279.3251908396946,567.504
2002-10-14,,
2002-10-21,1302.25,668.75
2002-10-28,3397.3333333333335,1038.0
2002-11-04,901.6666666666666,444.6363636363636
2002-11-11,1851.4285714285713,504.85714285714283
2002-11-18,1709.4,652.5666666666667
2002-11-25,,
2002-12-02,1340.7586206896551,523.9655172413793
2002-12-09,2121.0,439.8
2002-12-16,1499.142857142857,435.23809523809524
2002-12-23,3058.0,1664.6
2002-12-30,1517.5,598.75
2003-01-06,2025.2941176470588,540.5294117647059
2003-01-13,1131.7333333333333,467.7
2003-01-20,,
2003-01-27,,
2003-02-03,1565.3793103448277,439.68275862068964
2003-02-10,1638.888888888889,583.4814814814815
2003-02-17,5089.402390438247,835.0199203187251
2003-02-24,,
2003-03-03,787.4444444444445,459.0
2003-03-10,1042.3809523809523,298.14285714285717
2003-03-17,1950.7142857142858,1041.857142857143
2003-03-24,,
2003-03-31,1283.2,780.0
2003-04-07,1186.8181818181818,393.72222222222223
2003-04-14,1287.2333333333333,476.816
2003-04-21,1936.0,543.6
2003-04-28,849.4285714285714,
2003-05-05,1505.952380952381,671.7777777777778
2003-05-12,1766.8141592920354,905.2548672566372
2003-05-19,802.0,510.0
2003-05-26,,
2003-06-02,1226.7432432432433,558.0
2003-06-09,2228.0,1492.0
2003-06-16,1530.0,
2003-06-23,1524.375,680.0
2003-06-30,1341.0,610.0
2003-07-07,1483.6363636363637,627.1333333333333
2003-07-14,2106.0,491.2
2003-07-21,1489.6666666666667,708.0
2003-07-28,2425.0,911.5
2003-08-04,1417.125,559.75
2003-08-11,1490.95,623.955
2003-08-18,1543.75,535.0
2003-08-25,,
2003-09-01,1348.25,
2003-09-08,1444.1554744525547,520.3722627737226
2003-09-15,1257.4285714285713,450.0
2003-09-22,,
2003-09-29,2209.6,1360.0
2003-10-06,1108.6666666666667,382.3483870967742
2003-10-13,1953.6,1664.08
2003-10-20,,
2003-10-27,919.8571428571429,
2003-11-03,1544.9135802469136,1670.9876543209878
2003-11-10,2702.733333333333,2694.0
2003-11-17,1700.0,1300.0
2003-11-24,1534.7931034482758,1380.0
2003-12-01,465.0,205.0
2003-12-08,1129.2987012987012,614.2597402597403
2003-12-15,,
2003-12-22,984.5,
2003-12-29,,
2004-01-05,1828.2857142857142,584.1666666666666
2004-01-12,1246.8064516129032,557.8771929824561
2004-01-19,1130.75,
2004-01-26,1700.0,920.0
2004-02-02,1039.0,321.25
2004-02-09,1781.1,491.5
2004-02-16,1220.8,484.0
2004-02-23,,
2004-03-01,1935.632911392405,470.92857142857144
2004-03-08,694.4,237.2
2004-03-15,1020.8888888888889,540.0
2004-03-22,1700.0,1140.0
2004-03-29,1147.5714285714287,
2004-04-05,1067.3333333333333,323.3333333333333
2004-04-12,1152.2368421052631,767.6315789473684
2004-04-19,1263.388888888889,958.7692307692307
2004-04-26,,
2004-05-03,1097.1452054794522,463.22727272727275
2004-05-10,1156.56,350.4266666666667
2004-05-17,1267.888888888889,570.0
2004-05-24,,
2004-05-31,775.75,
2004-06-07,1062.1897435897436,513.0871794871795
2004-06-14,1039.1833333333334,782.5846153846154
2004-06-21,,
2004-06-28,1390.4,1360.0
2004-07-05,,
2004-07-12,1399.78,852.7928571428571
2004-07-19,1236.2,431.9
2004-07-26,1735.5,1370.5
2004-08-02,1423.6,506.6666666666667
2004-08-09,2827.811111111111,639.2111111111111
2004-08-16,1605.6666666666667,871.6
2004-08-23,,
2004-08-30,2375.25,
2004-09-06,,
2004-09-13,1966.015028901734,671.119298245614
2004-09-20,,
2004-09-27,1787.25,
2004-10-04,1833.2727272727273,646.0
2004-10-11,1457.9199999999998,874.0866666666667
2004-10-18,2410.0,569.0
2004-10-25,1547.75,
2004-11-01,1218.8,783.3333333333334
2004-11-08,1437.0714285714287,1001.4285714285714
2004-11-15,1229.7777777777778,1295.0
2004-11-22,,
2004-11-29,,
2004-12-06,1588.015625,996.0
2004-12-13,1747.8500000000001,1053.8071428571427
2004-12-20,1397.5,
2004-12-27,1289.0,
2005-01-03,2019.9888888888888,642.4
2005-01-10,1278.6760563380283,605.9154929577464
2005-01-17,2830.0,1700.0
2005-01-24,1878.2,1300.0
2005-01-31,3600.0,1500.0
2005-02-07,1360.6708860759493,758.3918918918919
2005-02-14,2425.3411764705884,1367.7882352941178
2005-02-21,,
2005-02-28,1364.0,
2005-03-07,1557.4113924050632,643.9113924050633
2005-03-14,1277.2222222222222,1027.5
2005-03-21,,
2005-03-28,2108.5,
2005-04-04,2080.0,844.0
2005-04-11,1862.8416666666665,1061.06
2005-04-18,1155.1666666666667,705.5
2005-04-25,1577.0,2100.0
2005-05-02,1260.6666666666667,676.6666666666666
2005-05-09,982.6842105263158,502.7105263157895
2005-05-16,2596.7188679245282,692.6571428571428
2005-05-23,2130.0,1800.0
2005-05-30,2638.5,
2005-06-06,1576.1470769230768,542.936
2005-06-13,1602.5,435.0
2005-06-20,,
2005-06-27,1332.0,
2005-07-04,,
2005-07-11,1730.1011235955057,574.0
2005-07-18,1869.9513513513514,544.5833333333334
2005-07-25,,
2005-08-01,1569.6142857142856,664.5454545454545
2005-08-08,1660.9207547169813,676.2113207547169
2005-08-15,1988.4285714285713,797.7142857142857
2005-08-22,,
2005-08-29,1493.5,
2005-09-05,,
2005-09-12,1468.8206349206348,662.9370967741935
2005-09-19,,
2005-09-26,,
2005-10-03,1318.795918367347,530.0
2005-10-10,,
2005-10-17,1649.945882352941,820.9399999999999
2005-10-24,,
2005-10-31,1282.25,
2005-11-07,1162.02,447.1333333333333
2005-11-14,1495.2,838.0
2005-11-21,,
2005-11-28,1315.0,
2005-12-05,1146.6666666666667,326.6666666666667
2005-12-12,1425.2453488372093,728.2975609756098
2005-12-19,,
2005-12-26,1211.0,
2006-01-02,,
2006-01-09,980.646408839779,409.9375
2006-01-16,1840.0,1367.5
2006-01-23,957.0,
2006-01-30,2575.0,896.5
2006-02-06,1049.3333333333333,530.0
2006-02-13,1206.6444444444444,477.93333333333334
2006-02-20,,
2006-02-27,1254.25,
2006-03-06,1257.3333333333333,423.3333333333333
2006-03-13,1257.952380952381,519.1259842519685
2006-03-20,977.0,
2006-03-27,,
2006-04-03,993.4,372.72727272727275
2006-04-10,978.8275862068965,509.37735849056605
2006-04-17,1300.0,1370.3333333333333
2006-04-24,1213.625,2220.0
2006-05-01,1702.5,342.4166666666667
2006-05-08,1037.6923076923076,1247.923076923077
2006-05-15,888.6666666666666,2100.0
2006-05-22,,
2006-05-29,771.5,
2006-06-05,872.0,371.1333333333333
2006-06-12,770.5357142857143,2262.785714285714
2006-06-19,,
2006-06-26,908.5,1200.0
2006-07-03,6589.090909090909,2045.4545454545455
2006-07-10,898.4615384615385,456.29585798816566
2006-07-17,1269.1724137931035,978.551724137931
2006-07-24,1600.909090909091,1288.3636363636363
2006-07-31,1398.7777777777778,1388.888888888889
2006-08-07,1197.8260869565217,616.8521739130434
2006-08-14,980.7142857142857,565.0
2006-08-21,,
2006-08-28,1325.75,
2006-09-04,,
2006-09-11,1852.857142857143,733.52
2006-09-18,,
2006-09-25,1517.0,
2006-10-02,669.8333333333334,553.3333333333334
2006-10-09,1996.9375,974.3559322033898
2006-10-16,,
2006-10-23,2903.875,3109.0
2006-10-30,,
2006-11-06,625.6774774774774,406.4189189189189
2006-11-13,1273.3333333333333,1389.0
2006-11-20,785.5,
2006-11-27,,
2006-12-04,1038.0,300.0
2006-12-11,1277.5671232876712,826.3287671232877
2006-12-18,,
2006-12-25,758.5,
2007-01-01,,
2007-01-08,1316.2732919254659,651.7142857142857
2007-01-15,630.0,47.0
2007-01-22,1061.6666666666667,723.7777777777778
2007-01-29,670.0,59.0
2007-02-05,1007.4222222222222,629.0847457627119
2007-02-12,1783.3333333333333,886.3333333333334
2007-02-19,854.6451612903226,344.1923076923077
2007-02-26,,
2007-03-05,940.6756756756756,496.1189189189189
2007-03-12,1645.0,1920.0
2007-03-19,791.3555555555555,467.5
2007-03-26,1180.0,1138.3333333333333
2007-04-02,943.6588235294117,1009.0
2007-04-09,623.1666666666666,52.0
2007-04-16,477.0,271.3333333333333
2007-04-23,899.5769230769231,1209.3
2007-04-30,1780.0,3330.0
2007-05-07,757.0819672131148,313.1475409836066
2007-05-14,985.0,2526.0
2007-05-21,742.0,47.0
2007-05-28,,
2007-06-04,1020.5714285714286,529.0
2007-06-11,940.8405797101449,941.8260869565217
2007-06-18,608.2666666666667,498.73333333333335
2007-06-25,,
2007-07-02,949.6516853932584,473.05882352941177
2007-07-09,,
2007-07-16,1200.4117647058824,506.6764705882353
2007-07-23,979.7733333333333,780.0666666666667
2007-07-30,846.1,3786.5
2007-08-06,1171.0266666666666,519.0333333333333
2007-08-13,,
2007-08-20,927.2,392.0
2007-08-27,623.9130434782609,621.9
2007-09-03,1235.25,
2007-09-10,1239.732142857143,750.4705882352941
2007-09-17,1185.1519230769231,524.25
2007-09-24,702.0,1943.2
2007-10-01,1121.921052631579,302.63157894736844
2007-10-08,1031.3846153846155,876.0615384615385
2007-10-15,759.4593220338983,306.25
2007-10-22,509.0,50.0
2007-10-29,1167.0,1718.0
2007-11-05,1064.2934782608695,448.5217391304348
2007-11-12,1133.3333333333333,1348.6666666666667
2007-11-19,732.75,344.2857142857143
2007-11-26,1127.6,1983.6
2007-12-03,855.15625,408.57142857142856
2007-12-10,1024.8548387096773,1328.5384615384614
2007-12-17,623.3333333333334,248.16666666666666
2007-12-24,461.57142857142856,46.42857142857143
2007-12-31,1320.0,2649.5
2008-01-07,810.53125,243.125
2008-01-14,969.6341463414634,501.8536585365854
2008-01-21,804.0,736.5384615384615
2008-01-28,1066.6666666666667,1100.0
2008-02-04,1279.5714285714287,906.295918367347
2008-02-11,605.6451612903226,309.35483870967744
2008-02-18,,
2008-02-25,1141.1666666666667,2812.5
2008-03-03,962.8,677.6923076923077
2008-03-10,1297.1304347826087,681.0217391304348
2008-03-17,729.0,1000.0
2008-03-24,660.6666666666666,2601.5
2008-03-31,867.0,1500.0
2008-04-07,1018.3755458515284,697.3187772925764
2008-04-14,1410.0,1300.0
2008-04-21,1529.6666666666667,1236.0
2008-04-28,,
2008-05-05,1030.2790697674418,894.297520661157
2008-05-12,1030.0,1643.3333333333333
2008-05-19,1293.7692307692307,484.8076923076923
2008-05-26,802.8888888888889,4074.0
2008-06-02,964.2222222222222,1507.3846153846155
2008-06-09,848.7179487179487,429.53846153846155
2008-06-16,1212.0,1800.0
2008-06-23,790.0,3587.0
2008-06-30,777.1428571428571,1200.0
2008-07-07,1639.1,1361.6666666666667
2008-07-14,1990.0,2316.6666666666665
2008-07-21,1145.0,390.0
2008-07-28,1233.54,497.04
2008-08-04,2146.8541666666665,1119.5853658536585
2008-08-11,2633.0,1703.0
2008-08-18,1638.076923076923,631.0
2008-08-25,1968.5714285714287,
2008-09-01,2950.0,1617.0
2008-09-08,2400.1290322580644,876.516129032258
2008-09-15,2032.391304347826,860.0
2008-09-22,,
2008-09-29,1597.875,1550.0
2008-10-06,1845.0763358778627,641.6793893129772
2008-10-13,1592.18,483.24
2008-10-20,2039.5,610.0
2008-10-27,,
2008-11-03,2067.94,888.5714285714286
2008-11-10,995.625,485.25
2008-11-17,1350.0,
2008-11-24,1648.5,1107.5
2008-12-01,1014.0,375.7142857142857
2008-12-08,936.6666666666666,518.1666666666666
2008-12-15,1200.0,
2008-12-22,1181.5,
2008-12-29,,
2009-01-05,1058.0,362.0
2009-01-12,549.8,272.6
2009-01-19,,
2009-01-26,,
2009-02-02,1213.6176470588234,329.7
2009-02-09,1260.6666666666667,819.5
2009-02-16,398.8,199.2
2009-02-23,,
2009-03-02,1079.0882352941176,350.0
2009-03-09,554.2,280.2
2009-03-16,551.0,
2009-03-23,,
2009-03-30,1010.0,2700.0
2009-04-06,952.5909090909091,246.66666666666666
2009-04-13,666.0,
2009-04-20,507.8,212.6
2009-04-27,610.5555555555555,3000.0
2009-05-04,703.2727272727273,375.6875
2009-05-11,,
2009-05-18,736.0,
2009-05-25,,
2009-06-01,1717.5,815.0
2009-06-08,820.5945945945946,423.1666666666667
2009-06-15,,
2009-06-22,,
2009-06-29,1326.3333333333333,
2009-07-06,85466.52777777778,707.0
2009-07-13,1221.0,521.8
2009-07-20,1910.0,
2009-07-27,,
2009-08-03,1618.3333333333333,533.0
2009-08-10,1530.0,
2009-08-17,1110.2,436.8
2009-08-24,2240.0,1089.5
2009-08-31,1458.888888888889,790.0
2009-09-07,1003.8333333333334,337.3333333333333
2009-09-14,,
2009-09-21,1680.0,
2009-09-28,,
2009-10-05,1280.6410256410256,502.0
2009-10-12,,
2009-10-19,1049.6774193548388,388.7096774193548
2009-10-26,,
2009-11-02,1047.8974358974358,445.0
2009-11-09,869.0,346.6
2009-11-16,1200.0,
2009-11-23,,
2009-11-30,821.0,
2009-12-07,820.1272727272727,337.45454545454544
2009-12-14,718.5,256.5
2009-12-21,1640.0,
2009-12-28,920.5,
2010-01-04,1045.0,327.14285714285717
2010-01-11,1263.625,408.625
2010-01-18,3040.0,
2010-01-25,,
2010-02-01,1269.2727272727273,454.8
2010-02-08,,
2010-02-15,2150.0,
2010-02-22,906.6666666666666,336.0
2010-03-01,985.7463768115942,357.6923076923077
2010-03-08,1180.0,
2010-03-15,729.1666666666666,304.5
2010-03-22,,
2010-03-29,1680.0,987.5454545454545
2010-04-05,1492.4444444444443,580.75
2010-04-12,1790.0,1200.0
2010-04-19,1510.0,
2010-04-26,693.1666666666666,194.16666666666666
2010-05-03,1184.1162790697674,598.5714285714286
2010-05-10,1140.3333333333333,515.7777777777778
2010-05-17,2010.0,
2010-05-24,,
2010-05-31,851.375,
2010-06-07,941.4903846153846,539.9038461538462
2010-06-14,1464.0,1185.0
2010-06-21,,
2010-06-28,1402.375,
2010-07-05,,
2010-07-12,1150.0125,500.125
2010-07-19,1790.0,
2010-07-26,,
2010-08-02,1309.5568181818182,742.4
2010-08-09,,
2010-08-16,1530.0,
2010-08-23,1317.5,552.0
2010-08-30,1381.125,
2010-09-06,,
2010-09-13,1335.3093525179856,548.589928057554
2010-09-20,1650.0,1060.0
2010-09-27,2180.0,493.0
2010-10-04,1084.1159420289855,567.6923076923077
2010-10-11,1407.0,
2010-10-18,881.3333333333334,305.6666666666667
2010-10-25,1230.0,
2010-11-01,898.0,435.7142857142857
2010-11-08,1151.6,1085.6666666666667
2010-11-15,,
2010-11-22,750.0833333333334,175.25
2010-11-29,,
2010-12-06,1081.2985074626865,497.02985074626866
2010-12-13,,
2010-12-20,650.0,264.5
2010-12-27,,
2011-01-03,1312.731884057971,366.9230769230769
2011-01-10,590.3333333333334,201.66666666666666
2011-01-17,1790.0,531.0
2011-01-24,2030.0,265.0
2011-01-31,1373.2222222222222,699.5555555555555
2011-02-07,921.2285714285714,277.9428571428571
2011-02-14,1571.0,830.7
2011-02-21,,
2011-02-28,1121.4444444444443,853.3333333333334
2011-03-07,778.0681818181819,351.625
2011-03-14,,822.0
2011-03-21,,
2011-03-28,901.0,948.5
2011-04-04,1120.6,514.6923076923077
2011-04-11,2590.0,489.0
2011-04-18,1262.8235294117646,579.2941176470588
2011-04-25,1600.0,1100.0
2011-05-02,913.1012658227849,492.1518987341772
2011-05-09,850.8571428571429,549.0
2011-05-16,,
2011-05-23,748.5,1190.0
2011-05-30,,
2011-06-06,807.0839694656488,497.0229007633588
2011-06-13,707.2,367.4
2011-06-20,,
2011-06-27,866.5,963.0
2011-07-04,,
2011-07-11,1205.84375,448.3125
2011-07-18,1950.0,784.0
2011-07-25,1120.8333333333333,346.1666666666667
2011-08-01,1211.4710144927535,403.3478260869565
2011-08-08,869.0,380.0
2011-08-15,1390.0,575.0
2011-08-22,,
2011-08-29,1540.4444444444443,794.4444444444445
2011-09-05,,
2011-09-12,1632.6857142857143,517.6571428571428
2011-09-19,3210.0,806.0
2011-09-26,1513.3333333333333,485.8
2011-10-03,1256.8,443.3076923076923
2011-10-10,1780.0,500.0
2011-10-17,,
2011-10-24,,
2011-10-31,1642.0,733.8857142857142
2011-11-07,1227.5,355.0
2011-11-14,1528.0,518.5
2011-11-21,789.0,237.0
2011-11-28,,
2011-12-05,803.7307692307693,348.3333333333333
2011-12-12,1565.0,540.4
2011-12-19,920.4705882352941,295.6470588235294
2011-12-26,,
2012-01-02,1208.875,766.0
2012-01-09,749.9846153846154,245.2
2012-01-16,696.6,228.0
2012-01-23,,
2012-01-30,912.7777777777778,689.5555555555555
2012-02-06,669.4166666666666,242.05555555555554
2012-02-13,1310.0,750.0
2012-02-20,465.4,154.6
2012-02-27,746.25,767.0
2012-03-05,886.2857142857143,345.0
2012-03-12,1042.4,719.1
2012-03-19,,
2012-03-26,850.25,638.0
2012-04-02,654.9240506329114,286.39240506329116
2012-04-09,1126.6666666666667,679.0
2012-04-16,621.7058823529412,236.64705882352942
2012-04-23,470.0,1650.0
2012-04-30,734.25,830.0
2012-05-07,750.0,180.0
2012-05-14,634.8108108108108,344.4864864864865
2012-05-21,,
2012-05-28,771.0,888.0
2012-06-04,793.1428571428571,319.0
2012-06-11,1108.0,569.8
2012-06-18,857.25,322.5
2012-06-25,1388.7272727272727,881.7727272727273
2012-07-02,,
2012-07-09,1494.0,754.7692307692307
2012-07-16,1301.4285714285713,265.7142857142857
2012-07-23,,
2012-07-30,1650.0,848.0
2012-08-06,1313.7142857142858,562.0
2012-08-13,1881.0,747.3
2012-08-20,1340.0,315.0
2012-08-27,1606.6666666666667,668.5
2012-09-03,,
2012-09-10,1725.96875,594.21875
2012-09-17,1192.5,340.5
2012-09-24,,
2012-10-01,1323.576923076923,471.0
2012-10-08,1793.3333333333333,692.0
2012-10-15,1247.0588235294117,439.88235294117646
2012-10-22,1730.0,942.0
2012-10-29,1513.5,769.0
2012-11-05,1771.8181818181818,522.2857142857143
2012-11-12,867.3513513513514,266.5945945945946
2012-11-19,,
2012-11-26,,
2012-12-03,473.25925925925924,80.0
2012-12-10,1280.0,789.5
2012-12-17,736.3333333333334,282.0
2012-12-24,,
2012-12-31,,
2013-01-07,934.0,399.25
2013-01-14,782.4,370.8
2013-01-21,,
2013-01-28,867.25,1040.0
2013-02-04,589.3333333333334,230.0
2013-02-11,1116.7857142857142,987.5
2013-02-18,593.25,244.75
2013-02-25,751.0,755.0
2013-03-04,835.0,449.15384615384613
2013-03-11,638.75,405.75
2013-03-18,,
2013-03-25,685.0,720.0
2013-04-01,682.3333333333334,420.0
2013-04-08,875.25,807.25
2013-04-15,800.2352941176471,292.2352941176471
2013-04-22,615.125,861.0
2013-04-29,926.0,883.0
2013-05-06,860.75,370.09090909090907
2013-05-13,613.6764705882352,363.47058823529414
2013-05-20,,
2013-05-27,460.77777777777777,1722.0
2013-06-03,809.4933333333333,426.1333333333333
2013-06-10,1195.3846153846155,937.9230769230769
2013-06-17,634.0,251.0
2013-06-24,1800.0,760.5
2013-07-01,1670.7777777777778,777.7777777777778
2013-07-08,981.7721518987341,591.9240506329114
2013-07-15,1940.0,889.0
2013-07-22,1502.5,581.5
2013-07-29,1772.0,887.6666666666666
2013-08-05,1414.909090909091,827.1428571428571
2013-08-12,1487.076923076923,708.4461538461538
2013-08-19,,
2013-08-26,1687.7777777777778,849.3333333333334
2013-09-02,,
2013-09-09,1488.6140350877192,571.8421052631579
2013-09-16,,
2013-09-23,1498.75,539.3333333333334
2013-09-30,2750.0,504.0
2013-10-07,1120.1090909090908,414.3636363636364
2013-10-14,1410.0,854.6
2013-10-21,1221.4,325.4
2013-10-28,,
2013-11-04,967.8362068965517,440.8448275862069
2013-11-11,802.5,318.2692307692308
2013-11-18,1330.0,1440.0
2013-11-25,1125.111111111111,496.6666666666667
2013-12-02,714.8571428571429,278.0
2013-12-09,960.8421052631579,474.05263157894734
2013-12-16,1355.0,1125.0
2013-12-23,1197.7692307692307,919.8461538461538
2013-12-30,,
2014-01-06,481.6666666666667,150.0
2014-01-13,1232.3529411764705,1125.8823529411766
2014-01-20,667.0,148.75
2014-01-27,3170.0,975.0
2014-02-03,678.5806451612904,310.06451612903226
2014-02-10,1540.0,722.0
2014-02-17,987.1372549019608,298.2352941176471
2014-02-24,,
2014-03-03,846.9375,315.0
2014-03-10,1034.4,422.6
2014-03-17,1130.0,661.0
2014-03-24,1450.0,907.0
2014-03-31,971.5,673.0
2014-04-07,810.8571428571429,355.23809523809524
2014-04-14,1119.6470588235295,254.58823529411765
2014-04-21,,
2014-04-28,,
2014-05-05,769.578125,403.90625
2014-05-12,1157.2131147540983,440.0163934426229
2014-05-19,2050.0,990.0
2014-05-26,1094.1,865.0
2014-06-02,787.1111111111111,434.8333333333333
2014-06-09,677.1153846153846,240.3846153846154
2014-06-16,1750.0,659.0
2014-06-23,1280.0,890.0
2014-06-30,1392.1052631578948,679.8421052631579
2014-07-07,1303.142857142857,458.0
2014-07-14,1131.2962962962963,545.074074074074
2014-07-21,2090.0,267.0
2014-07-28,,
2014-08-04,1301.8859649122808,477.6666666666667
2014-08-11,1810.0,680.0
2014-08-18,1511.4285714285713,712.0
2014-08-25,,
2014-09-01,1452.6,619.0
2014-09-08,999.59375,347.515625
2014-09-15,1275.2,725.4
2014-09-22,,
2014-09-29,1534.5454545454545,734.3636363636364
2014-10-06,1313.6666666666667,553.3333333333334
2014-10-13,1321.8181818181818,506.72727272727275
2014-10-20,,
2014-10-27,1248.1176470588234,366.1764705882353
2014-11-03,1121.0285714285715,394.85714285714283
2014-11-10,1532.5,644.75
2014-11-17,1120.0,722.0
2014-11-24,1285.5,627.0
2014-12-01,1201.7777777777778,305.0833333333333
2014-12-08,1178.8235294117646,263.4117647058824
2014-12-15,1880.0,629.0
2014-12-22,1358.4,682.0
2014-12-29,,
2015-01-05,894.5714285714286,274.0
2015-01-12,1088.0,517.5
2015-01-19,,
2015-01-26,1646.5555555555557,499.77777777777777
2015-02-02,686.0,223.33333333333334
2015-02-09,1088.5185185185185,331.44444444444446
2015-02-16,1702.5,485.0
2015-02-23,2470.0,265.0
2015-03-02,967.0,270.0
2015-03-09,1075.4,348.0
2015-03-16,1680.0,580.0
2015-03-23,,
2015-03-30,1247.75,821.0
2015-04-06,895.8,274.7142857142857
2015-04-13,1275.0,834.0
2015-04-20,,
2015-04-27,1138.2222222222222,746.8888888888889
2015-05-04,689.0,190.0
2015-05-11,1375.0,607.5
2015-05-18,1375.0,940.0
2015-05-25,874.1891891891892,423.4054054054054
2015-06-01,753.28,307.2
2015-06-08,832.8,365.1
2015-06-15,,
2015-06-22,1484.5,527.0
2015-06-29,,
2015-07-06,815.7,428.0
2015-07-13,824.8235294117648,339.1764705882353
2015-07-20,,
2015-07-27,1466.6666666666667,653.1111111111111
2015-08-03,1342.6666666666667,440.0
2015-08-10,1930.0,760.5
2015-08-17,,
2015-08-24,1397.2727272727273,566.030303030303
2015-08-31,,
2015-09-07,1405.0,620.9
2015-09-14,1388.0,522.0
2015-09-21,,
2015-09-28,1442.5,725.0
2015-10-05,1383.3333333333333,580.0
2015-10-12,1545.0,700.5
2015-10-19,,
2015-10-26,1223.1666666666667,461.55555555555554
2015-11-02,873.2857142857143,265.57142857142856
2015-11-09,1610.0,910.0
2015-11-16,1440.0,582.0
2015-11-23,1800.0,282.0
2015-11-30,1403.2857142857142,737.0
2015-12-07,1046.0363636363636,339.8181818181818
2015-12-14,1214.5,343.5
2015-12-21,1231.125,684.0
2015-12-28,,
2016-01-04,1118.2222222222222,398.1666666666667
2016-01-11,1311.8918918918919,516.4324324324324
2016-01-18,,
2016-01-25,1323.125,491.0
2016-02-01,1283.3333333333333,343.3333333333333
2016-02-08,1101.8,432.8
2016-02-15,1323.3333333333333,327.6666666666667
2016-02-22,1362.5555555555557,586.0
2016-02-29,1286.6666666666667,478.6666666666667
2016-03-07,989.44,370.8
2016-03-14,892.7333333333333,242.33333333333334
2016-03-21,1750.0,276.0
2016-03-28,1254.125,665.0
2016-04-04,909.0,366.6666666666667
2016-04-11,994.0,306.8
2016-04-18,1265.6,608.0
2016-04-25,,
2016-05-02,813.4032258064516,331.4193548387097
2016-05-09,1277.5,659.75
2016-05-16,1328.6,572.0
2016-05-23,1655.0,1130.0
2016-05-30,1066.0666666666666,561.9666666666667
2016-06-06,1175.3454545454545,413.09090909090907
2016-06-13,1240.0,664.5666666666666
2016-06-20,1291.896551724138,391.58620689655174
2016-06-27,2000.0,408.0
2016-07-04,1488.75,754.0
2016-07-11,1194.532110091743,493.10091743119267
2016-07-18,1294.4,480.3333333333333
2016-07-25,,
2016-08-01,1150.7903225806451,428.96774193548384
2016-08-08,1113.0,547.2
2016-08-15,1485.3846153846155,508.38461538461536
2016-08-22,1540.0,774.0
2016-08-29,1866.25,766.0
2016-09-05,,
2016-09-12,1124.3589743589744,413.5128205128205
2016-09-19,1695.8333333333333,395.8333333333333
2016-09-26,1730.0,796.5555555555555
2016-10-03,1073.7777777777778,461.3333333333333
2016-10-10,1550.0,670.0
2016-10-17,1495.0,648.0
2016-10-24,955.1666666666666,355.5
2016-10-31,1367.375,1070.0
2016-11-07,806.1904761904761,309.9047619047619
2016-11-14,1870.0,1100.0
2016-11-21,990.0714285714286,691.4285714285714
2016-11-28,,
2016-12-05,739.6282051282051,305.9102564102564
2016-12-12,1500.7619047619048,1047.142857142857
2016-12-19,798.0,371.4
2016-12-26,1093.375,915.0
2017-01-02,,
2017-01-09,658.48,243.36
2017-01-16,,
2017-01-23,1280.6666666666667,766.4
2017-01-30,1650.0,199.0
2017-02-06,774.8,310.54545454545456
2017-02-13,1309.4285714285713,790.3571428571429
2017-02-20,676.8,163.6
2017-02-27,1090.625,1180.0
2017-03-06,712.7636363636364,269.6363636363636
2017-03-13,1023.0,1180.0
2017-03-20,842.6923076923077,235.34615384615384
2017-03-27,964.5,975.0
2017-04-03,818.6619718309859,306.76056338028167
2017-04-10,1256.729411764706,431.9294117647059
2017-04-17,1068.8,1250.0
2017-04-24,6440.0,517.5
2017-05-01,842.1129032258065,362.258064516129
2017-05-08,3605.5,900.0
2017-05-15,1249.3333333333333,1208.3333333333333
2017-05-22,1097.75,292.0
2017-05-29,,
2017-06-05,899.0555555555555,880.0
2017-06-12,1213.75,391.0
2017-06-19,1663.1,898.0
2017-06-26,,
2017-07-03,1917.0,1470.0
2017-07-10,1630.25,797.5
2017-07-17,1880.2380952380952,942.7619047619048
2017-07-24,,
2017-07-31,1850.2727272727273,829.2727272727273
2017-08-07,1586.4,578.72
2017-08-14,1981.4285714285713,821.5
2017-08-21,,
2017-08-28,1648.25,
2017-09-04,,
2017-09-11,1369.0,505.28
2017-09-18,,
2017-09-25,1282.0,1060.0
2017-10-02,1298.1754385964912,721.2982456140351
2017-10-09,1720.0,810.0
2017-10-16,1467.0,1050.0
2017-10-23,975.2941176470588,369.3137254901961
2017-10-30,1423.875,1060.0
2017-11-06,1108.9512195121952,349.780487804878
2017-11-13,1339.1904761904761,703.3809523809524
2017-11-20,1354.375,1020.0
2017-11-27,,
2017-12-04,786.5714285714286,229.85714285714286
2017-12-11,1445.4285714285713,663.4285714285714
2017-12-18,1970.0,823.0
2017-12-25,1326.75,792.0
2018-01-01,,
2018-01-08,1542.5714285714287,973.7857142857143
2018-01-15,1567.4,824.0
2018-01-22,,
2018-01-29,1138.0,722.0
2018-02-05,448.3333333333333,203.33333333333334
2018-02-12,1253.9516129032259,515.8709677419355
2018-02-19,,
2018-02-26,1373.3333333333333,784.1111111111111
2018-03-05,1313.88,474.62
2018-03-12,1245.9,412.3333333333333
2018-03-19,,
2018-03-26,,
2018-04-02,1424.0588235294117,517.0588235294117
2018-04-09,1631.888888888889,788.2222222222222
2018-04-16,1182.111111111111,392.6
2018-04-23,2830.0,1070.0
2018-04-30,1006.25,953.0
2018-05-07,931.0,366.0
2018-05-14,1647.2727272727273,851.4545454545455
2018-05-21,1940.0,348.0
2018-05-28,1811.0,685.1111111111111
2018-06-04,1853.3333333333333,643.3333333333334
2018-06-11,1775.5633802816901,716.0140845070423
2018-06-18,1900.0,790.0
2018-06-25,1306.0,806.0
2018-07-02,1595.0,653.0
2018-07-09,1924.9166666666667,477.75
2018-07-16,,
2018-07-23,1442.1,681.4
2018-07-30,1743.75,437.625
2018-08-06,1151.0,440.0
2018-08-13,1262.0,620.9655172413793
2018-08-20,,
2018-08-27,1502.860759493671,498.75949367088606
2018-09-03,,
2018-09-10,1130.4807692307693,467.0
2018-09-17,,
2018-09-24,1415.6666666666667,408.0
2018-10-01,1063.3157894736842,579.1754385964912
2018-10-08,1610.0,840.0
2018-10-15,1163.6666666666667,470.2
2018-10-22,1940.0,1260.0
2018-10-29,1197.0,850.0
2018-11-05,940.7142857142857,300.57142857142856
2018-11-12,1570.7857142857142,674.1428571428571
2018-11-19,1144.0,682.7777777777778
2018-11-26,,
2018-12-03,1037.2857142857142,425.57142857142856
2018-12-10,1009.1363636363636,352.72727272727275
2018-12-17,,
2018-12-24,1032.25,688.0
2018-12-31,,
2019-01-07,663.0,400.0
2019-01-14,1297.5081967213114,503.88524590163934
2019-01-21,1575.0,700.0
2019-01-28,1134.625,736.0
2019-02-04,380.6666666666667,313.3333333333333
2019-02-11,1591.046511627907,392.59302325581393
2019-02-18,,
2019-02-25,1550.1142857142856,576.9142857142857
2019-03-04,1372.0,552.875
2019-03-11,2021.0,606.7619047619048
2019-03-18,1411.2,726.0
2019-03-25,,
2019-04-01,1025.875,417.0
2019-04-08,1360.0,850.0
2019-04-15,963.5555555555555,294.0
2019-04-22,935.0,770.4444444444445
2019-04-29,2285.0,525.0
2019-05-06,793.0769230769231,231.44615384615383
2019-05-13,1245.5714285714287,685.6428571428571
2019-05-20,,
2019-05-27,1036.6666666666667,739.5555555555555
2019-06-03,782.3333333333334,306.6666666666667
2019-06-10,1313.75,824.625
2019-06-17,,
2019-06-24,1174.8,301.8
2019-07-01,1372.75,683.6818181818181
2019-07-08,,
2019-07-15,1244.0,664.1666666666666
2019-07-22,1555.75,368.75
2019-07-29,1790.0,615.0
2019-08-05,1293.6666666666667,703.3333333333334
2019-08-12,1909.090909090909,682.5454545454545
2019-08-19,1408.5,820.0
2019-08-26,1410.0,876.0
2019-09-02,1482.8333333333333,780.0
2019-09-09,1221.0,626.1
2019-09-16,1020.0,918.0
2019-09-23,1496.0,415.0
2019-09-30,1136.3333333333333,633.5
2019-10-07,977.9491525423729,318.93220338983053
2019-10-14,801.6428571428571,541.4285714285714
2019-10-21,,
2019-10-28,1088.4,532.0
2019-11-04,1129.7,391.2
2019-11-11,1231.6,634.0
2019-11-18,1600.0,780.0
2019-11-25,2120.0,847.0
2019-12-02,1147.2424242424242,501.45454545454544
2019-12-09,1760.0,6800.0
2019-12-16,1207.1666666666667,658.1666666666666
2019-12-23,1175.6666666666667,449.0
2019-12-30,1187.25,616.0
2020-01-06,1085.6666666666667,355.3333333333333
2020-01-13,928.4347826086956,275.2173913043478
2020-01-20,,
2020-01-27,,
2020-02-03,1230.1666666666667,491.1969696969697
2020-02-10,,
2020-02-17,1043.9333333333334,260.3333333333333
2020-02-24,,
2020-03-02,918.9411764705883,546.0
2020-03-09,1038.7,345.9
2020-03-16,1195.8333333333333,952.5
2020-03-23,2650.0,1390.0
2020-03-30,735.25,996.0
2020-04-06,,
2020-04-13,1322.0,958.2142857142857
2020-04-20,1271.25,363.0
2020-04-27,781.5,1330.0
2020-05-04,4270.0,496.0
2020-05-11,1190.5263157894738,488.56140350877195
2020-05-18,,
2020-05-25,777.375,980.0
2020-06-01,1211.2307692307693,513.0769230769231
2020-06-08,1188.1851851851852,636.5555555555555
2020-06-15,1228.6666666666667,506.6666666666667
2020-06-22,1615.8260869565217,477.72463768115944
2020-06-29,1676.6666666666667,666.6666666666666
2020-07-06,1379.3333333333333,569.6666666666666
2020-07-13,1272.4545454545455,472.85714285714283
2020-07-20,1202.6666666666667,560.0
2020-07-27,1273.5294117647059,431.6470588235294
2020-08-03,1155.1698113207547,451.8301886792453
2020-08-10,1560.910447761194,423.7761194029851
2020-08-17,1214.642857142857,760.3571428571429
2020-08-24,1183.3333333333333,486.6666666666667
2020-08-31,1320.6470588235295,602.7058823529412
2020-09-07,1221.6666666666667,692.6666666666666
2020-09-14,1176.3076923076924,582.0769230769231
2020-09-21,1726.6666666666667,476.8333333333333
2020-09-28,1477.2380952380952,622.0952380952381
2020-10-05,1386.5412844036698,414.6788990825688
2020-10-12,1245.0,658.0
2020-10-19,1670.0,750.0
2020-10-26,1644.5,865.5
2020-11-02,1240.0,505.0
2020-11-09,1517.5625,410.96875
2020-11-16,,
2020-11-23,1513.125,660.0
2020-11-30,,
2020-12-07,926.0,466.6666666666667
2020-12-14,1338.5294117647059,353.4117647058824
2020-12-21,1612.5833333333333,803.6666666666666
2020-12-28,,
2021-01-04,1017.0,263.3333333333333
2021-01-11,1329.5454545454545,567.7272727272727
2021-01-18,,
2021-01-25,1510.5833333333333,780.3333333333334
2021-02-01,722.0,220.0
2021-02-08,1452.35,604.75
2021-02-15,,
2021-02-22,1172.0,750.0
2021-03-01,698.0,286.6666666666667
2021-03-08,1575.5,620.75
2021-03-15,,
2021-03-22,796.5168539325842,348.13483146067415
2021-03-29,,
2021-04-05,1258.0,522.6666666666666
2021-04-12,1367.0,982.0
2021-04-19,751.2,175.6
2021-04-26,1733.7857142857142,924.5714285714286
2021-05-03,681.6666666666666,370.0
2021-05-10,1493.2,834.8
2021-05-17,,
2021-05-24,1069.4878048780488,613.3780487804878
2021-05-31,,
2021-06-07,846.3448275862069,320.37931034482756
2021-06-14,1170.0,639.0
2021-06-21,,
2021-06-28,834.125,705.0
2021-07-05,1710.0,645.0
2021-07-12,,
2021-07-19,1637.0,789.5
2021-07-26,1983.3939393939395,716.1212121212121
2021-08-02,1653.3529411764705,644.0
2021-08-09,,
2021-08-16,1613.0,552.0
2021-08-23,1721.0,321.0
2021-08-30,1348.5,457.75
2021-09-06,,
2021-09-13,990.8,474.0
2021-09-20,1977.0,553.0
2021-09-27,2159.125,463.5
2021-10-04,1203.0,423.3333333333333
2021-10-11,1451.6363636363637,794.6363636363636
2021-10-18,,
2021-10-25,1695.4705882352941,626.4117647058823
2021-11-01,1112.3333333333333,614.6666666666666
2021-11-08,1374.0,706.0
2021-11-15,,
2021-11-22,1334.1384615384616,445.81538461538463
2021-11-29,,
2021-12-06,542.5,120.0
2021-12-13,1402.0,744.0
2021-12-20,1560.0,860.0
2021-12-27,,
2022-01-03,1168.6575342465753,501.1917808219178
2022-01-10,1065.2439024390244,414.2276422764228
2022-01-17,1724.5,1171.5
2022-01-24,1261.0,548.125
2022-01-31,,
2022-02-07,889.0,352.6666666666667
2022-02-14,1212.377049180328,504.2295081967213
2022-02-21,1291.125,555.625
2022-02-28,,
2022-03-07,1421.341463414634,623.6585365853658
2022-03-14,1418.0,810.0
2022-03-21,975.54,445.28
2022-03-28,,
2022-04-04,1397.25,532.75
2022-04-11,1917.3333333333333,739.5555555555555
2022-04-18,995.6,283.6
2022-04-25,919.125,586.375
2022-05-02,911.0,465.0
2022-05-09,,
2022-05-16,1189.0,388.0
2022-05-23,1007.9589041095891,372.73972602739724
2022-05-30,,
2022-06-06,770.5,255.0
2022-06-13,1950.2,658.6
2022-06-20,1080.1724137931035,304.82758620689657
2022-06-27,1498.5,459.25
2022-07-04,,
2022-07-11,1179.2692307692307,407.46153846153845
2022-07-18,1939.5,370.0
2022-07-25,,
2022-08-01,2209.5588235294117,471.2352941176471
2022-08-08,1642.7391304347825,923.1739130434783
2022-08-15,796.75,215.75
2022-08-22,1261.0,573.5
2022-08-29,,
2022-09-05,,
2022-09-12,1120.9174311926606,725.0
2022-09-19,1149.2,401.2
2022-09-26,1176.125,562.375
2022-10-03,,
2022-10-10,881.6666666666666,813.8333333333334
2022-10-17,1092.88,907.68
2022-10-24,1180.0,581.6666666666666
2022-10-31,1398.375,998.125
2022-11-07,1269.3333333333333,625.3333333333334
2022-11-14,1306.375,610.375
2022-11-21,1323.875,511.875
2022-11-28,,
2022-12-05,1197.5,494.57142857142856
2022-12-12,1503.0,688.5
2022-12-19,,
2022-12-26,1320.125,479.75
2023-01-02,,
2023-01-09,1091.8333333333333,428.3333333333333
2023-01-16,,
2023-01-23,,
2023-01-30,,
2023-02-06,1303.0,388.25
2023-02-13,1382.0,705.0
2023-02-20,,
2023-02-27,,
2023-03-06,924.0,388.0
2023-03-13,1047.0,700.0
2023-03-20,,
2023-03-27,,
2023-04-03,,
2023-04-10,3678.4,1276.0
2023-04-17,,
2023-04-24,,
2023-05-01,,
2023-05-08,3967.0,954.5
